title,release,day_audience,total_audience,screen,Nationality,distributor,grade,genre,director,actor,date,day,weekday,holiday
007스펙터,2015-11-11,1,1820728,1,영국,유니버설픽쳐스인터내셔널코리아(유),15세이상관람가,"액션,어드벤처,범죄,스릴러",샘멘데스,"다니엘크레이그,레아세이두,크리스토프왈츠,모니카벨루치",2015-12-17,37,목요일,0
300제국의부활,2014-03-06,102,1593116,14,미국,워너브러더스코리아(주),청소년관람불가,"액션,드라마,전쟁",노암머로,"레나헤디,에바그린,설리반스탭플턴,로드리고산토로",2014-04-09,35,수요일,0
50가지그림자심연,2017-02-09,3,189599,1,미국,유니버설픽쳐스인터내셔널코리아(유),청소년관람불가,"드라마,멜로/로맨스",제임스폴리,"제이미도넌,다코타존슨",2017-03-20,40,월요일,0
5일의마중,2014-10-08,304,50775,8,중국,찬란,전체관람가,"멜로/로맨스,드라마",장예모,"공리,진도명",2014-11-16,40,일요일,1
가디언즈오브갤럭시,2014-07-31,502,1309671,7,미국,소니픽쳐스릴리징월트디즈니스튜디오스코리아(주),12세이상관람가,"액션,어드벤처,SF",제임스건,"크리스프랫,조샐다나,데이브바티스타,빈디젤,브래들리쿠퍼",2014-09-08,40,월요일,1
가디언즈오브갤럭시VOL.2,2017-05-03,169,2734944,4,미국,월트디즈니컴퍼니코리아유한책임회사,12세이상관람가,"액션,SF",제임스건,"크리스프랫,조샐다나,데이브바티스타,빈디젤,브래들리쿠퍼",2017-06-11,40,일요일,1
가려진시간,2016-11-16,150,510728,5,한국,(주)쇼박스,12세이상관람가,"드라마,판타지",엄태화,"강동원,신은수,이효제,김희원,권해효,김단율,정우진,엄태구,박종환,김동현,김예지,이영상,조슬예,고민우",2016-12-25,40,일요일,1
간신,2015-05-21,426,1110071,30,한국,롯데쇼핑㈜롯데엔터테인먼트,청소년관람불가,사극,민규동,"주지훈,김강우,천호진,임지연,이유영,김현수,문희경,박시영,박아영,임효우,전미정,전태호,박은영,박은영,박재성,박주희,박지수,정수지,정재우,배효진,조명행,조용완,송영창,차지연,성진아,최창훈,신동필,양정민,염재민,한진구,이보라,홍의정,황동희,이상철,이소희,이솔,이슬기,이승주,이용호,이용호,이윤지,김태희,서영주,기주봉,장광,류선영,김강일,정만식,최일화",2015-06-24,35,수요일,0
감바의대모험,2016-11-10,24,117248,1,일본,(주)영화사빅,전체관람가,"애니메이션,어드벤처","카와무라토모히로,코모리요시히로",NA,2016-12-18,39,일요일,1
갓오브이집트,2016-03-03,3,919834,1,미국,"(주)시네마서비스,(주)나이너스엔터테인먼트",12세이상관람가,"어드벤처,판타지",알렉스프로야스,"제라드버틀러,니콜라이코스터왈도,코트니이튼,브렌튼스웨이츠,애비리",2016-04-06,35,수요일,0
강남1970,2015-01-21,163,2188679,3,한국,(주)쇼박스,청소년관람불가,"액션,드라마",유하,"이민호,김래원,정진영,설현,유승목,한재영,이연두,정호빈,최진호,엄효섭,최병모,지대한,전배수,윤종화,서우진,이인혁,이정완,이주협,박소희,박시연,이한울,임성숙,장준혁,전우재,강풍,박재영,박재희,박준영,정영택,백동현,정창용,조선기,서현석,천영암,손재영,주연서,신영규,양진석,오형근,유정호,윤지원,이규석,김원진,이성용,이성준,이세훈,황재진,이원희,이은주,안정우,정진영,김지수,곽민호",2015-03-01,40,일요일,1
개구리왕국,2015-11-12,192,53438,3,중국,예지림엔터테인먼트,전체관람가,"애니메이션,어드벤처",넬슨신,NA,2015-12-21,40,월요일,0
개를훔치는완벽한방법,2014-12-31,1084,254618,24,한국,"(주)리틀빅픽쳐스,(주)대명문화공장",전체관람가,"드라마,가족",김성호,"김혜자,이레,최민수,강혜정,이천희,김솔,김원중,김도엽,박성규,이지원,정택호,김재화,홍은택,이기영,류선영,조은지",2015-02-08,40,일요일,1
거울나라의앨리스,2016-09-07,50,512702,5,미국,월트디즈니컴퍼니코리아(주),12세이상관람가,"어드벤처,가족,판타지",제임스보빈,"조니뎁,앤해서웨이,미아와시코브스카,헬레나본햄카터,사챠바론코헨,알란릭맨,마이클쉰,앤드류스캇",2016-10-16,40,일요일,1
걷기왕,2016-10-20,12,93478,2,한국,CGV아트하우스,12세이상관람가,드라마,백승화,"심은경,박주희,김새벽,허정도,윤지원,안승균,김광규,김정영,이재진,이준용,박민준,장현진,방범석,정규환,오은비,조주형,이규진,이동혁,이수아,최봉석,최효주,황수진,김신동",2016-11-27,39,일요일,1
검사외전,2016-02-03,3680,9699031,112,한국,(주)쇼박스,15세이상관람가,"범죄,코미디",이일형,"황정민,강동원,이성민,박성웅,김응수,신소율,주진모,김원해,김홍파,김병옥,박종환,전배수,박지환,손종학,신혜선,김시은,김종수,한재영,박지환,박종우,박지홍,송승현,윤석민,이규호,이석준,이선주,이승민,이승우,이승준,이승훈,이승훈,최현준",2016-03-13,40,일요일,1
검은사제들,2015-11-05,16494,5407767,379,한국,씨제이이앤엠(주),15세이상관람가,"미스터리,드라마",장재현,"김윤석,강동원,박소담,김병옥,김의성,이호재,남일우,김동현,김미영,김수진,김혜민,박지수,송선찬,이상민,이승훈,이현우,손종학,조수향,남문철",2015-12-14,40,월요일,0
겟아웃,2017-05-17,851,2127261,9,미국,유니버설픽쳐스인터내셔널코리아(유),15세이상관람가,"공포(호러),미스터리,스릴러,드라마",조던필레,"다니엘칼루야,앨리슨윌리암스,브래들리휘트포드,캐서린키너",2017-06-25,40,일요일,1
겨울왕국,2014-01-16,50465,9675656,493,미국,소니픽쳐스릴리징월트디즈니스튜디오스코리아(주),전체관람가,"애니메이션,어드벤처,가족,코미디,뮤지컬,판타지","크리스벅,제니퍼리","이디나멘젤,크리스틴벨,조나단그로프,조시게드",2014-02-24,40,월요일,0
경주,2014-06-12,74,62586,5,한국,(주)인벤트스톤,15세이상관람가,"드라마,코미디,멜로/로맨스",장률,"박해일,신민아,김태훈,신소율,이춘연,이학민,박재웅,박재희,박진홍,임상묵,임진욱,신민아,양희망,오류미,오세현,유병옥,윤상일,조현정,고유희,윤진서,이관훈,이기연,최근우,권병수,홍성은,홍수영,이은우,이준동,김솔,김여정,김정우,김주현,김주현,김초혜,김태희,나경찬,김수안,최배영,김학선",2014-07-21,40,월요일,0
계춘할망,2016-05-19,50,478870,1,한국,(주)콘텐츠난다긴다,15세이상관람가,"가족,드라마",창,"윤여정,김고은,김희원,신은정,최민호,류준열,양익준,박민지,남태부,강경탁,안지혜,이상화,이슬비,이윤혁",2016-06-25,38,토요일,1
고녀석맛나겠다2함께라서행복해,2015-07-29,162,54130,4,한국,(주)리틀빅픽쳐스,전체관람가,"애니메이션,가족,어드벤처","최경석,노나카카즈미","엄상현,시영준,안장혁,정주원,안효민,이경태,이경태",2015-09-06,40,일요일,1
"고산자,대동여지도",2016-09-07,483,973652,2,한국,씨제이이앤엠(주),전체관람가,사극,강우석,"김율호,차승원,유준상,김인권,남지현,신동미,남경읍,태인호,공형진,김종수,이형길,임경욱,박선용,박상훈,박정호,박진영,백동현,송민석,송원종,양해길,양희정,전수정,전호근,정명수,정봉연,정진근,조경섭,윤성민,윤준호,이덕형,이문형,이성원,이수민,이승철,이윤상,지동주,지현준,최은식,최한기,한명철,홍광표,홍대영,노남석,정준용,김기정",2016-10-16,40,일요일,1
고스트버스터즈,2016-08-25,94,515359,1,미국,유니버설픽쳐스인터내셔널코리아(유),12세이상관람가,"액션,코미디,SF",폴페이그,"멜리사맥카시,크리스헴스워스,크리스틴위그,케이트맥키넌,레슬리존스",2016-09-29,36,목요일,0
곡성,2016-05-12,10576,6811330,297,한국,이십세기폭스코리아(주),15세이상관람가,"미스터리,스릴러,드라마",나홍진,"곽도원,황정민,쿠니무라준,천우희,김환희,허진,장소연,김도윤,손강국,전배수,황석정,배용근,배용근,이인철,이용녀,선호삼,송민석,신재현,안수연,이선희,이수빈,이수진,권귀덕,이연,이연경,이연경",2016-06-20,40,월요일,0
공각기동대고스트인더쉘,2017-03-29,205,762448,2,미국,롯데쇼핑㈜롯데엔터테인먼트,15세이상관람가,"SF,범죄,액션",루퍼트샌더스,"스칼렛요한슨,마이클피트,마이클윈코트,요한필리프아스베크,기타노다케시",2017-05-07,40,일요일,1
공조,2017-01-18,19474,7796341,336,한국,씨제이이앤엠(주),15세이상관람가,액션,김성훈,"현빈,유해진,김주혁,장영남,이해영,윤아,이동휘",2017-02-26,40,일요일,1
관능의법칙,2014-02-13,138,780485,20,한국,롯데쇼핑㈜롯데엔터테인먼트,청소년관람불가,"드라마,코미디",권칠인,"엄정화,문소리,조민수,이경영,이성민,이재윤,백동훈,전민혁,오상진,차수보,황정현,김용식,김재혁,김지은,조우진,최무성,진선규,권해효",2014-03-24,40,월요일,0
괴물의아이,2015-11-25,240,224252,9,일본,"CGV아트하우스,(주)리틀빅픽쳐스",12세이상관람가,"애니메이션,판타지,어드벤처",호소다마모루,"야쿠쇼코지,미야자키아오이,소메타니쇼타,히로세스즈",2016-01-03,40,일요일,1
국가대표2,2016-08-10,31,708792,5,한국,메가박스(주)플러스엠,12세이상관람가,드라마,김종현,"수애,오달수,오연서,하재숙,김슬기,김예원,진지희,임진영,박진하,전송이,방추성,백상훈,서은정,조규영,안승호,조수지,조희윤,이경선,이민지,이선미,이영화",2016-09-13,35,화요일,0
국제시장,2014-12-17,204816,12006473,625,한국,씨제이이앤엠(주),12세이상관람가,드라마,윤제균,"황정민,김윤진,오달수,정진영,장영남,라미란,김슬기,정영기,맹세창,김동원,김현중,김지영,황창기,박재우,박찬희,김예빈,김재철,김하연,김재현,이소영,류경현,황인준,이종석,이진희,전희경,박재언,유재상,김선영,정윤호,박길수,박영수",2015-01-25,40,일요일,1
군도민란의시대,2014-07-23,100,4773840,3,한국,(주)쇼박스,15세이상관람가,"사극,액션",윤종빈,"하정우,강동원,최귀화,이성민,조진웅,마동석,윤지혜,정만식,김성균,김재영,주진모,이경영,신나라,정두홍,조남희,조현도,김광현,김병주,김영철,김지선,김태수,노남석,송영창,이경영,김병옥,주영호,한예리,김시은,김해숙,정대용,정재헌",2014-08-31,40,일요일,1
굿다이노,2016-01-07,171,1329175,3,미국,월트디즈니컴퍼니코리아(주),전체관람가,"애니메이션,어드벤처,코미디",피터손,NA,2016-02-14,39,일요일,1
굿바이싱글,2016-06-29,12,2108273,1,한국,(주)쇼박스,15세이상관람가,"코미디,드라마",김태곤,"김혜수,마동석,김현수,김용건,서현진,곽시양,전석호,이미도,이성민,황미영,이형미,박지영,정준화,유성진,윤환,이수경,최문석,홍민희",2016-08-02,35,화요일,0
귀향,2016-02-24,5419,3571853,191,한국,(주)와우픽쳐스,15세이상관람가,드라마,조정래,"손숙,강하나,서미지,최리,정인기,오지혜,김시은,이채현,임성철,임혜영,박주현,박지희,박진경,장현익,정광윤,정부경,정승현,안재성,이경훈,이민영,이선희,이수현,이승현,이여원,김완기,김은나,정무성,류신",2016-04-03,40,일요일,1
그녀,2014-05-22,2380,296421,42,미국,유니버설픽쳐스인터내셔널코리아(유),청소년관람불가,"드라마,멜로/로맨스",스파이크존즈,"호아킨피닉스,스칼렛요한슨,에이미아담스,루니마라",2014-06-30,40,월요일,0
그랜드부다페스트호텔,2014-03-20,6951,683274,164,미국,이십세기폭스코리아(주),청소년관람불가,"미스터리,어드벤처",웨스앤더슨,"랄프파인즈,틸다스윈튼,주드로,애드리언브로디,윌렘데포,에드워드노튼,시얼샤로넌,레아세이두",2014-04-28,40,월요일,0
그레이스오브모나코,2014-06-18,147,236040,5,프랑스,(주)쇼박스,12세이상관람가,드라마,올리비에다한,"니콜키드먼,팀로스,프랭크란젤라",2014-07-27,40,일요일,1
그레이의50가지그림자,2015-02-26,9,364373,2,미국,유니버설픽쳐스인터내셔널코리아(유),청소년관람불가,"드라마,멜로/로맨스",샘테일러-존슨,"제이미도넌,다코타존슨,제니퍼엘,루크그림즈",2015-04-06,40,월요일,0
그레이트월,2017-02-15,4,501458,1,미국,유니버설픽쳐스인터내셔널코리아(유),12세이상관람가,"판타지,액션",장예모,"맷데이먼,페드로파스칼,윌렘데포,유덕화,루한,경첨,너맨아카,펑위옌,장한유",2017-03-22,36,수요일,0
극비수사,2015-06-18,80,2860680,10,한국,(주)쇼박스,15세이상관람가,"드라마,범죄",곽경택,"김윤석,유해진,송영창,장영남,정호빈,이준혁,이종일,장성훈,정규용,정기용,백승호,이효제,최원,송승현,신유경,양중경,유주영,홍명기,이석현,이소영,이승준,이윤희,이인규,주영호,박효주,이재용,남문철",2015-07-27,40,월요일,0
극장판꼬마버스타요의에이스구출작전,2016-01-21,19,130685,1,한국,(주)아이코닉스,전체관람가,애니메이션,류정우,NA,2016-02-29,40,월요일,0
극장판도라에몽진구의우주영웅기~스페이스히어로즈~,2015-09-17,8,113321,1,일본,(주)와우픽쳐스,전체관람가,"애니메이션,SF,어드벤처",오오스기요시히로,"미즈타와사비,오오하라메구미,심형탁",2015-10-26,40,월요일,0
극장판또봇로봇군단의습격,2017-04-27,8,141592,1,한국,씨제이이앤엠(주),전체관람가,애니메이션,"이달,고동우","하룡이,신경선,이현",2017-05-31,35,수요일,0
극장판소드아트온라인-오디널스케일-,2017-02-23,106,117071,17,일본,(주)박수엔터테인먼트,12세이상관람가,"애니메이션,SF,액션",이토토모히코,"마츠오카요시츠구,토마츠하루카,이토카나에",2017-04-03,40,월요일,0
극장판아이엠스타꿈의오디션!,2016-02-11,28,141299,2,일본,씨제이이앤엠(주),전체관람가,애니메이션,키무라류이치,"정혜원,이용신,소연,이선,신용우",2016-03-20,39,일요일,1
극장판안녕자두야,2016-05-04,19,279958,1,한국,씨제이이앤엠(주),전체관람가,애니메이션,손석우,"여민정,양정화,이수진",2016-06-11,39,토요일,1
극장판요괴워치염라대왕과5개의이야기다냥!,2016-07-20,207,330665,2,일본,씨제이이앤엠(주),전체관람가,애니메이션,타카하시시게하루,"토마츠하루카,유키아오이,세키토모카즈,코자쿠라에츠코",2016-08-25,37,목요일,0
극장판요괴워치탄생의비밀이다냥!,2015-07-22,138,550671,5,일본,씨제이이앤엠(주),전체관람가,애니메이션,"타카하시시게하루,우시로신지",NA,2015-08-30,40,일요일,1
극장판쿠로코의농구라스트게임,2017-04-27,142,55707,24,일본,(주)박수엔터테인먼트,12세이상관람가,애니메이션,타다슌스케,오노켄쇼,2017-06-05,40,월요일,0
"극장판파워레인저다이노포스VS고버스터즈공룡대결전!~안녕,영원한친구여!~",2014-10-02,5,212849,2,일본,(주)이수C&E,전체관람가,"액션,SF",사카모토코이치,NA,2014-11-10,40,월요일,0
극적인하룻밤,2015-12-03,9,321641,1,한국,CGV아트하우스,청소년관람불가,"멜로/로맨스,코미디",하기호,"윤계상,한예리,박효주,조복래,박병은,정수영,조영균,하정완,한정국,김수정,한지은,이지훈,정수연,김재화,박현지,진선규,김의성",2016-01-07,36,목요일,0
글로리데이,2016-03-24,12,189201,1,한국,(주)엣나인필름,15세이상관람가,드라마,최정열,"지수,김준면,류준열,김희찬,김동완,김종수,문희경,유하복,이주실,이춘우,장시원,박성인,정다연,배연수,정지상,안병래,여기한,조제웅,유승완,윤기현,윤민영,이상희,이성훈,최승민,한보람,김용",2016-05-01,39,일요일,1
꼬마참새리차드아프리카원정대,2017-06-15,65,80812,3,독일,씨네그루(주)키다리이엔티,전체관람가,애니메이션,"토비젠켈,레자메마리","김서영,구민선,변영희,사문영,임채헌,황창영,이현",2017-07-24,40,월요일,0
꾸뻬씨의행복여행,2014-11-27,126,123430,5,영국,그린나래미디어(주),15세이상관람가,"어드벤처,드라마",피터첼섬,"사이몬페그,로자먼드파이크,장르노,스텔란스카스가드,크리스토퍼플러머",2015-01-05,40,월요일,0
끝까지간다,2014-05-29,17677,3351280,343,한국,(주)쇼박스,15세이상관람가,"액션,스릴러,범죄",김성훈,"이선균,조진웅,신정근,정만식,신동미,김동영,박보검,박진성,정하철,윤종현,이승준,이준혁,이지훈,김보경,이영수,김재철,김진환,배유람,김강현,기주봉,장인섭,장준녕,김해곤",2014-07-07,40,월요일,0
"나,다니엘블레이크",2016-12-08,536,75036,23,영국,(주)영화사진진,12세이상관람가,드라마,켄로치,데이브존스,2017-01-16,40,월요일,0
나를찾아줘,2014-10-23,1508,1747480,32,미국,이십세기폭스코리아(주),청소년관람불가,스릴러,데이빗핀처,"벤애플렉,로자먼드파이크,닐패트릭해리스,미시파일",2014-12-01,40,월요일,0
나우유씨미2,2016-07-13,24,3099214,1,미국,롯데쇼핑㈜롯데엔터테인먼트,12세이상관람가,"범죄,액션",존추,"제시아이젠버그,마크러팔로,우디해럴슨,데이브프랑코,다니엘래드클리프,리지캐플란,주걸륜,마이클케인,모건프리먼",2016-08-20,39,토요일,1
나의사랑나의신부,2014-10-08,213,2135878,9,한국,씨네그루(주)다우기술,15세이상관람가,"멜로/로맨스,코미디",임찬상,"조정석,신민아,윤정희,이상희,전예원,조아라,김광수,김보미,김선하,김은비,박주운,신영일,배성우,라미란,윤문식,황정민,서강준,김형욱",2014-11-16,40,일요일,1
나의산티아고,2016-07-14,445,87858,13,독일,(주)영화사진진,12세이상관람가,코미디,줄리아폰하인츠,"데비드스트리에소브,마르티나게덱,카타리나탈바흐",2016-08-22,40,월요일,0
나의소녀시대,2016-05-12,577,402551,31,대만,오드,15세이상관람가,"멜로/로맨스,드라마",프랭키첸,"송운화,왕대륙",2016-06-20,40,월요일,0
"날,보러와요",2016-04-07,8,1063395,2,한국,메가박스(주)플러스엠,청소년관람불가,"미스터리,스릴러",이철하,"강예원,이상윤,최진호,지대한,김종수,이학주,장태성,유건,길해연,조재윤,이형석,박송해,정경일,안용우,안지혜,안지혜,최낙영,이규호,이상백,이승진",2016-05-16,40,월요일,0
남과여,2016-02-25,11,203775,1,한국,(주)쇼박스,청소년관람불가,멜로/로맨스,이윤기,"전도연,공유,이미소,정선경,윤세아,김혜옥,박민지,전준호,오정완,조희,윤신혜,이보영,이상희",2016-03-30,35,수요일,0
남자가사랑할때,2014-01-22,166,1977939,6,한국,(주)넥스트엔터테인먼트월드(NEW),15세이상관람가,"멜로/로맨스,드라마",한동욱,"황정민,한혜진,곽도원,정만식,손세빈,백동현,이확광,임정빈,임희준,양준호,조왕섭,조화성,최제헌,이성호,한동욱,권지훈,허명행,황병국,김정수,남경민,문성렬,박성웅,이채은,김병옥,김홍파,남일우,김태희,김종수,최우리,남문철,박지환",2014-03-02,40,일요일,1
내부자들,2015-11-19,39801,6961127,438,한국,(주)쇼박스,청소년관람불가,"범죄,드라마",우민호,"이병헌,조승우,백윤식,이경영,김홍파,배성우,조재윤,김대명,조우진,이엘,정만식,김병옥,김의성,박진우,남일우,김연지,김진우,문소리,박경순,설우신,손혜진,신정미,윤보배,이선관,이재남,이재정,이주아,신지수,장현준,최정연,황준혁,손종학,조덕제,유재명",2015-12-28,40,월요일,0
내부자들디오리지널,2015-12-31,2944,2073070,70,한국,(주)쇼박스,청소년관람불가,"범죄,드라마",우민호,"신지수,이병헌,조승우,백윤식,이경영,김홍파,배성우,조재윤,김대명,조우진,이엘,정만식,김병옥,박진우,남일우,김의성,손종학,조덕제,유재명",2016-02-08,40,월요일,1
너와100번째사랑,2017-05-25,5,80415,1,일본,(주)디스테이션,12세이상관람가,"드라마,멜로/로맨스",츠키카와쇼,"사카구치켄타로,미와,류세이료",2017-06-28,35,수요일,0
너의이름은.,2017-01-04,9670,3615012,162,일본,메가박스(주)플러스엠,12세이상관람가,"애니메이션,드라마,멜로/로맨스",신카이마코토,"카미키류노스케,카미시라이시모네,나가사와마사미,이치하라에수코,유키아오이,시마자키노부나가,이시카와카이토,타니카논",2017-02-12,40,일요일,1
넛잡땅콩도둑들,2014-01-29,271,476693,6,한국,(주)싸이더스,전체관람가,"애니메이션,어드벤처,코미디,가족",피터레페니오티스,"윌아넷,브렌든프레이저,리암니슨,캐서린헤이글,싸이(박재상)",2014-03-09,40,일요일,1
노무현입니다,2017-05-25,2034,1833205,163,한국,"CGV아트하우스,영화사풀",12세이상관람가,다큐멘터리,이창재,노무현,2017-07-03,40,월요일,0
노아,2014-03-20,185,2026559,2,미국,씨제이이앤엠(주),15세이상관람가,"어드벤처,드라마,판타지",대런아로노프스키,"러셀크로우,엠마왓슨,로건레먼,안소니홉킨스,제니퍼코넬리",2014-04-28,40,월요일,0
노예12년,2014-02-27,59,497442,4,미국,"판씨네마(주),(주)프레인글로벌",15세이상관람가,드라마,스티브맥퀸,"치웨텔에지오포,마이클패스벤더,베네딕트컴버배치,브래드피트,드와이트헨리,쿠벤자네왈리스,타란킬램",2014-04-07,40,월요일,0
논스톱,2014-02-27,283,2083927,24,미국,(주)넥스트엔터테인먼트월드(NEW),15세이상관람가,액션,자움콜렛세라,"리암니슨,줄리안무어,미쉘독커리,앤슨마운트,존아브라함스,스쿳맥네이리",2014-04-07,40,월요일,0
눈길,2017-03-01,67,129237,2,한국,"(주)엣나인필름,CGV아트하우스",15세이상관람가,드라마,이나정,"김영옥,김향기,김새론,조수향,서영주,장영남",2017-04-07,38,금요일,0
눈의여왕2트롤의마법거울,2014-12-24,402,618543,5,러시아,씨네그루(주)다우기술,전체관람가,"애니메이션,판타지,가족",알렉세이트시칠린,NA,2015-01-30,38,금요일,0
눈의여왕3눈과불의마법대결,2017-01-04,47,367510,1,러시아,(주)이수C&E,전체관람가,"애니메이션,어드벤처,가족,판타지",알렉세이트시칠린,"박지윤,엄상현,남도형,박상훈,이재범",2017-02-10,38,금요일,0
"님아,그강을건너지마오",2014-11-27,40645,4407694,454,한국,"CGV아트하우스,(주)대명문화공장",전체관람가,다큐멘터리,진모영,"조병만,강계열",2015-01-05,40,월요일,0
님포매니악볼륨1,2014-06-18,158,59604,9,덴마크,CGV아트하우스,청소년관람불가,드라마,라스폰트리에,"샤를로뜨갱스부르,스텔란스카스가드,스테이시마틴,샤이아라보프,크리스찬슬레이터,제이미벨,우마서먼,윌렘데포,미아고스,소피케네디클락,코니닐슨",2014-07-27,40,일요일,1
다이노소어어드벤처백악기공룡대백과,2016-05-04,71,111599,1,영국,"(주)박수엔터테인먼트,(주)애니플러스",전체관람가,다큐멘터리,"닐나이팅게일,베리쿡,앤드류코헨",NA,2016-06-12,40,일요일,1
다이노타임,2015-04-30,5,282945,2,한국,씨제이이앤엠(주),전체관람가,"애니메이션,어드벤처,코미디","최윤석,존카프카","멜라니그리피스,제인린치,윌리엄볼드윈,스티븐볼드윈,롭슈나이더,유리로웬탈",2015-06-08,40,월요일,0
다이버전트,2014-04-16,7,424045,1,미국,롯데쇼핑㈜롯데엔터테인먼트,15세이상관람가,"SF,판타지,액션,멜로/로맨스",닐버거,"쉐일린우들리,케이트윈슬렛,테오제임스,매기큐",2014-05-21,36,수요일,0
다이버전트시리즈얼리전트,2016-05-12,54,103101,4,미국,씨네그루(주)키다리이엔티,12세이상관람가,"액션,어드벤처,SF",로베르트슈벤트케,"쉐일린우들리,테오제임스,마일즈텔러,나오미왓츠,매기큐",2016-06-20,40,월요일,0
닥터스트레인지,2016-10-26,7131,5436233,128,미국,월트디즈니컴퍼니코리아(주),12세이상관람가,"액션,어드벤처,판타지",스콧데릭슨,"베네딕트컴버배치,레이첼맥아담스,틸다스윈튼,매즈미켈슨,치웨텔에지오포,스콧앳킨스,마이클스털버그,베네딕트왕",2016-12-04,40,일요일,1
달라스바이어스클럽,2014-03-06,19,70273,3,미국,(주)나이너스엔터테인먼트,청소년관람불가,드라마,장마크발레,"매튜매커너히,제니퍼가너,자레드레토",2014-04-14,40,월요일,0
달빛궁궐,2016-09-07,107,151886,7,한국,(주)넥스트엔터테인먼트월드(NEW),전체관람가,"애니메이션,판타지,어드벤처",김현주,"김서영,이하늬,권율,김슬기,신용우,이장원,시영준,이상범,이현,강시현,문유정,정주원,신경선,이유리",2016-10-16,40,일요일,1
"당신,거기있어줄래요",2016-12-14,1,1168625,1,한국,롯데쇼핑㈜롯데엔터테인먼트,12세이상관람가,"판타지,드라마",홍지영,"김윤석,변요한,채서진,김상호,안세하,박혜수,김호정,한한나",2017-01-18,36,수요일,0
대니쉬걸,2016-02-17,243,130548,7,미국,유니버설픽쳐스인터내셔널코리아(유),청소년관람불가,드라마,톰후퍼,"에디레드메인,알리시아비칸데르,엠버허드,벤위쇼",2016-03-27,40,일요일,1
대니콜린스,2015-09-30,26,56251,1,미국,"(주)나이너스엔터테인먼트,(주)지어소프트",15세이상관람가,드라마,댄포겔맨,"알파치노,아네트베닝,제니퍼가너,바비카나베일,크리스토퍼플러머",2015-11-08,40,일요일,1
대립군,2017-05-31,45,837291,2,한국,이십세기폭스코리아(주),15세이상관람가,"드라마,사극",정윤철,"이정재,여진구,김무열,이솜,박원상,배수빈,김명곤,박해준",2017-07-09,40,일요일,1
대호,2015-12-16,52,1761594,5,한국,(주)넥스트엔터테인먼트월드(NEW),12세이상관람가,사극,박훈정,"최민식,정만식,김상호,성유빈,오스기렌,정석원,김홍파,라미란,이은우,현승민,우정국,박인수,김진혁,양준호,양호성,윤성민,이상민,장한별,주창욱,남연우,유재명,박지환",2016-01-24,40,일요일,1
더랍스터,2015-10-29,163,51401,8,영국,"(주)영화사오원,(주)브리즈픽처스",청소년관람불가,"판타지,멜로/로맨스",요르고스란티모스,"콜린파렐,레이첼와이즈,레아세이두,벤위쇼,존C.라일리",2015-12-07,40,월요일,0
더매직리틀톰과도둑공주,2015-09-24,103,89134,2,스페인,"㈜코리아스크린,와이드릴리즈(주)",전체관람가,"애니메이션,판타지,뮤지컬",어네스토파드롱,NA,2015-11-02,40,월요일,0
더울프오브월스트리트,2014-01-09,673,583205,47,미국,주식회사우리네트웍스,청소년관람불가,"범죄,드라마",마틴스콜세지,"레오나르도디카프리오,매튜매커너히,조나힐",2014-02-17,40,월요일,0
더킹,2017-01-18,139,5315785,2,한국,(주)넥스트엔터테인먼트월드(NEW),15세이상관람가,"범죄,드라마",한재림,"조인성,정우성,배성우,김아중,류준열,김의성,김민재,정성모,정은채,김소진,황승언,이주연,정준용",2017-02-26,40,일요일,1
덕혜옹주,2016-08-03,4108,5568719,241,한국,롯데쇼핑㈜롯데엔터테인먼트,12세이상관람가,"사극,드라마",허진호,"손예진,박해일,윤제문,라미란,정상훈,박수영,김소현,박주미,안내상,김재욱,김인우,백윤식,김대명,김정희,박윤식,박지수,박혜영,송민수,송창현,신동주,오세영,이경훈,이명규,이상진,이승진,최영빈,최일순,최정순,한동훈,함성원,홍은지,김무규,김기정",2016-09-11,40,일요일,1
데드풀,2016-02-17,480,3315988,23,미국,이십세기폭스코리아(주),청소년관람불가,"액션,SF",팀밀러,"라이언레놀즈,모레나바카린,에드스크레인,지나카라노,T.J.밀러,브리아나힐데브란드",2016-03-27,40,일요일,1
데몰리션,2016-07-13,219,64891,2,미국,(주)리틀빅픽쳐스,청소년관람불가,드라마,장마크발레,"제이크질렌할,나오미왓츠,유다르위스,크리스쿠퍼",2016-08-21,40,일요일,1
도라에몽스탠바이미,2015-02-12,11,499869,4,일본,(주)넥스트엔터테인먼트월드(NEW),전체관람가,애니메이션,"야마자키타카시,야기류이치","미즈타와사비,오오하라메구미",2015-03-23,40,월요일,0
도리를찾아서,2016-07-06,3192,2590796,46,미국,월트디즈니컴퍼니코리아(주),전체관람가,"애니메이션,어드벤처,코미디",앤드류스탠튼,"엘렌드제너스,알버트브룩스,다이안키튼",2016-08-14,40,일요일,1
도희야,2014-05-22,11,106437,1,한국,CGV아트하우스,청소년관람불가,드라마,정주리,"배두나,김새론,송새벽,박진우,이호현,서영제,조유진,윤은지,최효선,김경재,이승원,이정은,김민선,나채형,손종학,공명,남문철",2014-06-30,40,월요일,0
독수리에디,2016-04-07,72,226081,2,미국,이십세기폭스코리아(주),12세이상관람가,드라마,덱스터플레처,"태런에저튼,휴잭맨",2016-05-16,40,월요일,0
돌연변이,2015-10-22,230,100488,7,한국,필라멘트픽쳐스,12세이상관람가,"드라마,코미디",권오광,"이광수,이천희,박보영,장광,이병준,김희원,강봉성,권오광,추민철,장원석,우문기,김수정,김태환,박성일,박시영,박준수,박지연",2015-11-27,37,금요일,0
동주,2016-02-17,4675,1138753,112,한국,메가박스(주)플러스엠,12세이상관람가,드라마,이준익,"강하늘,박정민,김인우,최홍일,김정석,최희서,신윤주,문성근,최종률,전재형,정운봉,이선주,허욱진",2016-03-27,40,일요일,1
두근두근내인생,2014-09-03,30,1624107,1,한국,씨제이이앤엠(주),12세이상관람가,드라마,이재용,"송혜교,김승욱,강동원,조성목,백일섭,황석정,안현정,강상대,신동길,양승걸,이강진,이동민,전상원,정동혁,정해진,허준석,김동섭,김소진,김승찬,김화목,도현민,박광설,채서진",2014-10-10,38,금요일,0
드라큘라전설의시작,2014-10-08,16,1321636,1,미국,유니버설픽쳐스인터내셔널코리아(유),15세이상관람가,"판타지,액션",개리쇼어,"루크에반스,도미닉쿠퍼",2014-11-16,40,일요일,1
드래곤길들이기2,2014-07-23,3785,2996606,72,미국,씨제이이앤엠(주),전체관람가,"애니메이션,액션,어드벤처",딘데블로이스,"제이바루첼,제라드버틀러,케이트블란쳇,아메리카페레라",2014-08-31,40,일요일,1
드림쏭,2016-09-14,379,232899,12,미국,(주)이수C&E,전체관람가,애니메이션,애쉬브래넌,"J.K.시몬스,루크윌슨,에디이자드,맷딜런",2016-10-23,40,일요일,1
또하나의약속,2014-02-06,433,496832,11,한국,(주)오에이엘,12세이상관람가,드라마,김태윤,"우혜영,박철민,김규리,윤유선,박희정,유세형,이경영,박윤선,박윤호,강선영,석현,신혜정,정상민,정태수,정홍일,윤태영,최영옥,최혁진,최효원,이새별,이선영,이성준,이소연,한은경,김리승,김민식,김영환,김재현,김태영,김형일,정진영,김영재,김선영,김종언,임종윤",2014-03-17,40,월요일,0
라라랜드,2016-12-07,40288,2924098,358,미국,판씨네마(주),12세이상관람가,"드라마,뮤지컬,멜로/로맨스",다미엔차젤레,"엠마스톤,라이언고슬링,핀위트록,J.K.시몬스,로즈마리드윗",2017-01-15,40,일요일,1
라이언,2017-02-01,64,104007,2,호주,(주)이수C&E,12세이상관람가,드라마,가스데이비스,"데브파텔,루니마라,니콜키드먼,데이빗웬햄,타니시타차터제,이몬파렌,디프티나발",2017-03-12,40,일요일,1
라이트아웃,2016-08-24,7,1111280,1,미국,워너브러더스코리아(주),15세이상관람가,공포(호러),데이비드F.샌드버그,"테레사팔머,알리시아벨라베일리,가브리엘베이트먼,알렉산더디퍼시아",2016-10-01,39,토요일,1
라이프,2017-04-05,104,459984,2,미국,소니픽쳐스엔터테인먼트코리아주식회사극장배급지점,15세이상관람가,"SF,스릴러",다니엘에스피노사,"제이크질렌할,레베카퍼거슨,라이언레놀즈,사나다히로유키,앨리욘버케어,올가디호비치나야",2017-05-04,30,목요일,0
러덜리스,2015-07-09,61,77086,4,미국,그린나래미디어(주),12세이상관람가,"코미디,드라마",윌리엄H.머시,"빌리크루덥,안톤옐친,셀레나고메즈,로렌스피쉬번,펠리시티허프먼",2015-08-17,40,월요일,0
"러브,로지",2014-12-10,761,296687,4,영국,(주)넥스트엔터테인먼트월드(NEW),15세이상관람가,"코미디,멜로/로맨스",크리스티안디터,"릴리콜린스,샘클라플린",2015-01-13,35,화요일,0
러브라이브!더스쿨아이돌무비,2015-09-03,69,86344,5,일본,(주)박수엔터테인먼트,전체관람가,애니메이션,쿄고쿠타카히코,"토쿠이소라,파일,쿠보유리카,이이다리호,쿠스다아이나,난죠요시노,미모리스즈코,우치다아야,닛타에미",2015-10-12,40,월요일,0
럭키,2016-10-13,7051,6940640,367,한국,(주)쇼박스,15세이상관람가,코미디,이계벽,"유해진,이준,조윤희,임지연,전혜빈,이동휘,박선용,박은미,정소리,이승철,최시형,홍의권,문광식,김기정",2016-11-21,40,월요일,0
런던해즈폴른,2016-03-10,124,731551,1,미국,메가박스(주)플러스엠,15세이상관람가,"액션,범죄,스릴러",바박나자피,"제라드버틀러,아론에크하트,모건프리먼,안젤라바셋",2016-04-14,36,목요일,0
레고무비,2014-02-06,39,232808,3,미국,워너브러더스코리아(주),전체관람가,"애니메이션,코미디,액션,가족","필로드,크리스밀러","윌페렐,리암니슨,엘리자베스뱅크스,모건프리먼,윌아넷,닉오퍼만,크리스프랫",2014-03-17,40,월요일,0
레고배트맨무비,2017-02-09,54,148760,1,미국,워너브러더스코리아(주),전체관람가,"애니메이션,액션,코미디",크리스맥케이,"윌아넷,로자리오도슨,랄프파인즈,마이클세라",2017-03-19,39,일요일,1
레버넌트죽음에서돌아온자,2016-01-14,96,2001318,3,미국,이십세기폭스코리아(주),15세이상관람가,"어드벤처,드라마",알레한드로곤잘레스이냐리투,"레오나르도디카프리오,톰하디",2016-02-22,40,월요일,0
레터스투갓,2016-02-25,15,52930,2,미국,(주)모멘텀엔터테인먼트,전체관람가,"가족,드라마",데이빗닉슨,"태너맥과이어,제프리존슨",2016-04-04,40,월요일,0
로건,2017-03-01,147,2167067,6,미국,이십세기폭스코리아(주),청소년관람불가,"액션,SF",제임스맨골드,"휴잭맨,패트릭스튜어트,보이드홀브룩,스테판머천트,리차드E.그랜트,에릭라살,엘리스닐",2017-04-09,40,일요일,1
로그원스타워즈스토리,2016-12-28,98,1018840,4,미국,월트디즈니컴퍼니코리아유한책임회사,12세이상관람가,"액션,어드벤처,판타지,SF",가렛에드워즈,"펠리시티존스,디에고루나,매즈미켈슨,리즈아메드,포레스트휘테커,견자단,알란터딕,강문",2017-02-05,40,일요일,1
"로봇,소리",2016-01-27,1,476665,1,한국,롯데쇼핑㈜롯데엔터테인먼트,12세이상관람가,드라마,이호재,"이성민,이희준,이하늬,김원해,채수빈,심은경,곽시양,이영진,이무생,남연우,전국환,류준열,박영수,이현석,박정민,박지훈,안광복,유민상,이상우,이승준,노소영",2016-03-02,36,수요일,0
로빈슨크루소,2016-09-07,671,137698,17,벨기에,(주)영화사빅,전체관람가,"애니메이션,어드벤처,코미디","벤스타센,빈센트케스텔루트","마티아스슈바이그호퍼,데이비드하워드,콜린메츠거,라일라베르진,조이카멘,마리브헤링턴",2016-10-16,40,일요일,1
로스트인더스트,2016-11-03,19,81236,1,미국,메가박스(주)플러스엠,15세이상관람가,"범죄,드라마",데이빗맥킨지,"크리스파인,벤포스터,제프브리지스",2016-12-12,40,월요일,0
루돌프와많이있어,2016-12-28,150,215777,5,일본,씨제이이앤엠(주),전체관람가,애니메이션,"유야마쿠니히코,사카키바라모토노리","김율,신용우,홍범기,시영준,김영찬,정유정,김가령,이노우에마오,스즈키료헤이,미즈키나나,후루타아라타",2017-02-02,37,목요일,0
루시,2014-09-03,3,1974893,1,미국,유니버설픽쳐스인터내셔널코리아(유),청소년관람불가,액션,뤽베송,"스칼렛요한슨,모건프리먼,최민식",2014-10-08,36,수요일,0
룸,2016-03-03,37,86962,3,아일랜드,(주)영화사빅,15세이상관람가,드라마,레니에이브러햄슨,"브리라슨,제이콥트렘블레이",2016-04-10,39,일요일,1
리스본행야간열차,2014-06-05,541,56898,13,독일,(주)나이너스엔터테인먼트,15세이상관람가,"미스터리,멜로/로맨스,스릴러",빌어거스트,"제레미아이언스,멜라니로랑,잭휴스턴,마르티나게덱",2014-07-14,40,월요일,0
리얼,2017-06-28,30,470107,1,한국,씨제이이앤엠(주),청소년관람불가,액션,이사랑,"김수현,성동일,이성민,최진리,조우진,이경영,김홍파,정인겸,최권,한지은",2017-08-01,35,화요일,0
리오2,2014-05-01,7,762255,3,미국,이십세기폭스코리아(주),전체관람가,"애니메이션,코미디,어드벤처",카를로스살다나,"제시아이젠버그,앤해서웨이,레슬리만,제이미폭스,임시완,류승룡,써니",2014-06-09,40,월요일,0
마다가스카의펭귄,2014-12-31,131,1661075,5,미국,씨제이이앤엠(주),전체관람가,"애니메이션,코미디,어드벤처,가족","에릭다넬,사이몬J.스미스","베네딕트컴버배치,존말코비치,톰맥그라스,크리스밀러,크리스토퍼나이츠,켄정",2015-02-08,40,일요일,1
마담뺑덕,2014-10-02,6,471050,2,한국,씨제이이앤엠(주),청소년관람불가,멜로/로맨스,임필성,"정우성,이솜,박소영,박팔영,손지연,어주선,정현석,한세인,김도연,김성민,김희원,민들레,박소담,윤세아",2014-11-10,40,월요일,0
마담프루스트의비밀정원,2014-07-24,699,128635,25,프랑스,찬란,전체관람가,드라마,실뱅쇼메,"귀욤고익스,앤르니",2014-09-01,40,월요일,0
마미,2014-12-18,147,54138,2,캐나다,(주)엣나인필름,15세이상관람가,드라마,자비에돌란,"앤도벌,안토니-올리버피론,수잔클레망",2015-01-26,40,월요일,0
마션,2015-10-08,6370,4848056,245,미국,이십세기폭스코리아(주),12세이상관람가,"액션,어드벤처,SF",리들리스콧,"맷데이먼,제시카차스테인,제프다니엘스,케이트마라,크리스틴위그",2015-11-16,40,월요일,0
마스터,2016-12-21,1375,7141637,37,한국,씨제이이앤엠(주),15세이상관람가,"액션,범죄",조의석,"이병헌,강동원,김우빈,엄지원,오달수,진경,김정우,장한별",2017-01-29,40,일요일,1
마야,2014-09-04,47,265149,3,독일,(주)박수엔터테인먼트,전체관람가,애니메이션,알렉스스타더만,"김서영,홍소영",2014-10-12,39,일요일,1
마이리틀자이언트,2016-08-10,262,125455,8,미국,월트디즈니컴퍼니코리아(주),전체관람가,"어드벤처,가족,판타지",스티븐스필버그,"마크라이런스,레베카홀,빌헤이더,제메인클레멘트,매트프류어,라프스팰,아담가들리,헤이그수더랜드,마이클아담스웨이트",2016-09-18,40,일요일,1
마이펫오지,2017-02-16,23,124026,1,스페인,롯데쇼핑㈜롯데엔터테인먼트,전체관람가,"애니메이션,어드벤처",알베르토로드리게즈,NA,2017-03-26,39,일요일,1
마이펫의이중생활,2016-08-03,703,2519988,21,미국,유니버설픽쳐스인터내셔널코리아(유),전체관람가,"애니메이션,코미디,가족",크리스리노드,"스티브쿠건,엘리켐퍼,레이크벨,데이너카비,케빈하트",2016-09-11,40,일요일,1
말레피센트,2014-05-29,62,1397359,1,미국,소니픽쳐스릴리징월트디즈니스튜디오스코리아(주),12세이상관람가,"액션,어드벤처,드라마",로버트스트롬버그,"안젤리나졸리,엘르패닝",2014-07-06,39,일요일,1
매드맥스분노의도로,2015-05-14,9664,3802402,225,미국,워너브러더스코리아(주),15세이상관람가,"액션,어드벤처,스릴러",조지밀러,"톰하디,샤를리즈테론,니콜라스홀트,조크라비츠,로지헌팅턴-휘틀리,라일리코프,메간게일,애비리,코트니이튼",2015-06-22,40,월요일,0
매직인더문라이트,2014-08-20,118,76503,5,미국,(주)인벤트스톤,12세이상관람가,"코미디,드라마,멜로/로맨스",우디앨런,"콜린퍼스,엠마스톤",2014-09-28,40,일요일,1
맥베스,2015-12-03,78,97216,7,영국,판씨네마(주),15세이상관람가,드라마,저스틴커젤,"마이클패스벤더,마리옹꼬띠아르",2016-01-11,40,월요일,0
맨인더다크,2016-10-05,12,1003404,1,미국,유니버설픽쳐스인터내셔널코리아(유),청소년관람불가,스릴러,페드알바레즈,"제인레비,딜런미네트,스티븐랭,다니엘조바토",2016-11-13,40,일요일,1
맨체스터바이더씨,2017-02-15,43,54841,3,미국,THE픽쳐스,15세이상관람가,드라마,케네스로너건,"케이시애플렉,미쉘윌리엄스,카일챈들러,테이트도노반,조쉬해밀톤,매튜브로데릭,그레첸몰,톰켐프,카라헤이워드",2017-03-26,40,일요일,1
메이즈러너,2014-09-18,3066,2780769,136,미국,이십세기폭스코리아(주),12세이상관람가,"액션,미스터리,SF,스릴러",웨스볼,"딜런오브라이언,카야스코델라리오,윌폴터,토마스생스터,이기홍",2014-10-27,40,월요일,0
메이즈러너스코치트라이얼,2015-09-16,304,2743737,9,미국,이십세기폭스코리아(주),12세이상관람가,"액션,SF,스릴러",웨스볼,"딜런오브라이언,토마스생스터,카야스코델라리오,이기홍",2015-10-25,40,일요일,1
메카닉리크루트,2016-08-31,2,551874,2,미국,(주)제이앤씨미디어그룹,15세이상관람가,"액션,범죄,스릴러",데니스간젤,"제이슨스타뎀,제시카알바,토미리존스,양자경",2016-10-09,40,일요일,1
명량,2014-07-30,54182,17163996,333,한국,씨제이이앤엠(주),15세이상관람가,"사극,액션",김한민,"최민식,류승룡,조진웅,김명곤,진구,이정현,권율,노민우,김태훈,이승준,오타니료헤이,박보검,박원우,서성광,오명훈,유명환,윤희경,이윤기,정수남,정순태,정의석,김원해,이해영,장준녕,김길동,김강일,강태영,하형원,한상대,김동원,김민석,김민식,김재철,김준형,김현중,박선용,박노식,최덕문,조복래,문영동",2014-09-07,40,일요일,1
명탐정코난순흑의악몽,2016-08-03,300,508803,3,일본,씨제이이앤엠(주),12세이상관람가,"애니메이션,미스터리,어드벤처","시즈노코분,야마모토야스이치로",NA,2016-09-09,38,금요일,0
명탐정코난이차원의저격수,2014-08-06,218,398606,4,일본,씨제이이앤엠(주),12세이상관람가,"애니메이션,스릴러,어드벤처",시즈노코분,NA,2014-09-10,36,수요일,1
명탐정코난코난실종사건-사상최악의이틀,2015-02-12,148,256830,7,일본,씨제이이앤엠(주),12세이상관람가,"애니메이션,어드벤처,스릴러",야마모토야스이치로,NA,2015-03-22,39,일요일,1
명탐정코난화염의해바라기,2015-08-05,14,470955,2,일본,씨제이이앤엠(주),전체관람가,애니메이션,시즈노코분,"타카야마미나미,야마자키와카나,코야마리키야,야마구치캇페이",2015-09-13,40,일요일,1
모아나,2017-01-12,1330,2297255,61,미국,월트디즈니컴퍼니코리아유한책임회사,전체관람가,애니메이션,"론클레멘츠,존머스커","드웨인존슨,아우이크라발호,알란터딕,제메인클레멘트,테무에라모리슨",2017-02-20,40,월요일,0
목소리의형태,2017-05-09,49,275737,2,일본,(주)디스테이션,전체관람가,"애니메이션,멜로/로맨스",야마다나오코,"이리노미유,하야미사오리,유키아오이,오노켄쇼,카네코유키,이시카와유이,토요나가토시유키",2017-06-17,40,토요일,1
몬스터호텔2,2015-12-24,16,1514930,3,미국,유니버설픽쳐스인터내셔널코리아(유),전체관람가,애니메이션,젠디타타코브스키,"아담샌들러,셀레나고메즈,케빈제임스,스티브부세미",2016-02-01,40,월요일,0
무뢰한,2015-05-27,80,414084,5,한국,CGV아트하우스,청소년관람불가,멜로/로맨스,오승욱,"김남길,전도연,박성웅,곽도원,김민재,강태영,박지환,정재웅,조민지,조원희,송승현,오하늬,유지연,하은진,이동진,이학주,정재헌,지승현",2015-07-05,40,일요일,1
"무현,두도시이야기",2016-10-26,1766,184573,53,한국,(주)모멘텀엔터테인먼트,15세이상관람가,다큐멘터리,전인환,"김원명,노무현",2016-12-04,40,일요일,1
문라이트,2017-02-22,582,173185,24,미국,CGV아트하우스,15세이상관람가,드라마,배리젠킨스,"트레반트로즈,앙드레홀랜드,나오미해리스",2017-04-02,40,일요일,1
뮨달의요정,2015-09-24,48,315474,4,프랑스,씨네그루(주)다우기술,전체관람가,애니메이션,"알렉상드르헤보얀,베노이트필립폰","조슈아J.발라드,오마사이",2015-11-02,40,월요일,0
미녀와야수,2017-03-16,9413,5032596,454,미국,월트디즈니컴퍼니코리아유한책임회사,전체관람가,"멜로/로맨스,판타지,뮤지컬",빌콘돈,"엠마왓슨,댄스티븐스,루크에반스,이완맥그리거,이안맥켈런,엠마톰슨,구구바샤-로,케빈클라인,스탠리투치",2017-04-24,40,월요일,0
미니언즈,2015-07-29,11877,2612040,157,미국,유니버설픽쳐스인터내셔널코리아(유),전체관람가,애니메이션,"피에르꼬팽,카일발다","산드라블록,존햄,마이클키튼",2015-09-06,40,일요일,1
미라클벨리에,2015-08-27,87,119124,4,프랑스,(주)영화사진진,12세이상관람가,드라마,에릭라티고,"로앤에머라,카렝비야,프랑소아다미앙,에릭엘모스니노",2015-10-05,40,월요일,0
미비포유,2016-06-01,6296,919522,102,미국,워너브러더스코리아(주),12세이상관람가,"멜로/로맨스,드라마",테아샤록,"에밀리아클라크,샘클라플린,매튜루이스",2016-07-10,40,일요일,1
미션임파서블로그네이션,2015-07-30,1487,6118959,91,미국,롯데쇼핑㈜롯데엔터테인먼트,15세이상관람가,"액션,스릴러,어드벤처",크리스토퍼맥쿼리,"톰크루즈,제레미레너,사이몬페그,알렉볼드윈,레베카퍼거슨",2015-09-07,40,월요일,0
미스페레그린과이상한아이들의집,2016-09-28,2243,2715737,54,미국,이십세기폭스코리아(주),12세이상관람가,"미스터리,판타지",팀버튼,"에바그린,사무엘L.잭슨,아사버터필드,앨리슨제니,킴디킨스,주디덴치,크리스오다우드",2016-11-06,40,일요일,1
미쓰와이프,2015-08-13,92,980108,24,한국,메가박스(주)플러스엠,15세이상관람가,코미디,강효진,"엄정화,송승헌,김상호,라미란,서신애,임보경,강현구,백승호,정지안,조훈휘,최윤철,유영채,홍석현,이승호,이연주,이은정,고수희,안소연,양도연,염동현,황석하,정지훈,조덕제,김병춘,최종률,정유석,이용녀,최일화",2015-09-21,40,월요일,0
미이라,2017-06-06,2343,3684703,70,미국,유니버설픽쳐스인터내셔널코리아(유),15세이상관람가,"액션,어드벤처,판타지",알렉스커츠먼,"톰크루즈,소피아부텔라,애나벨월리스,러셀크로우,하비에르보텟,제이크존슨,코트니B.반스,딜란스미스",2017-07-15,40,토요일,1
밀정,2016-09-07,3243,7494307,157,한국,워너브러더스코리아(주),15세이상관람가,액션,김지운,"송강호,공유,한지민,츠루미신고,엄태구,신성록,서영주,박민우,이진한,이진한,임서영,임서영,전수빈,정유안,조권수,조윤담,이동진,이상희,이수광,이승진,하민,노준표,김정우",2016-10-16,40,일요일,1
바다탐험대옥토넛시즌4늪지탐험선K,2016-09-28,206,69713,11,영국,와이드릴리즈(주),전체관람가,애니메이션,다라오코넬,NA,2016-11-06,40,일요일,1
바다탐험대옥토넛시즌4더파이널,2017-06-01,8,73743,2,영국,와이드릴리즈(주),전체관람가,"애니메이션,어드벤처",다라오코넬,"하성용,정재헌,엄상현,윤승희,김정은",2017-07-10,40,월요일,0
바다탐험대옥토넛시즌4아슬아슬구조대작전,2016-06-02,102,58516,6,영국,와이드릴리즈(주),전체관람가,"애니메이션,어드벤처",다라오코넬,"하성용,정재헌,엄상현,윤승희,김정은,김율",2016-07-10,39,일요일,1
바닷마을다이어리,2015-12-17,474,87234,17,일본,(주)티캐스트,12세이상관람가,드라마,고레에다히로카즈,"아야세하루카,나가사와마사미,카호,히로세스즈,카세료",2016-01-25,40,월요일,0
박물관이살아있다비밀의무덤,2015-01-14,4,1101678,1,미국,이십세기폭스코리아(주),전체관람가,"어드벤처,코미디,가족",숀레비,"벤스틸러,로빈윌리엄스,댄스티븐스,오웬윌슨,벤킹슬리,레벨윌슨",2015-02-17,35,화요일,0
박스트롤,2014-11-06,141,102496,1,미국,유니버설픽쳐스인터내셔널코리아(유),전체관람가,"애니메이션,가족,어드벤처,코미디","그레이엄애나블,안소니스타치","엘르패닝,사이몬페그,토니콜렛,아이작햄스터드라이트,벤킹슬리",2014-12-15,40,월요일,0
박열,2017-06-28,100,2357024,5,한국,메가박스(주)플러스엠,12세이상관람가,드라마,이준익,"이제훈,최희서,김인우,권율,민진웅",2017-08-06,40,일요일,1
발레리나,2017-02-09,192,202383,6,프랑스,판씨네마(주),전체관람가,"애니메이션,어드벤처,가족,뮤지컬","에릭섬머,에릭와린","엘르패닝,데인드한",2017-03-19,39,일요일,1
밤의해변에서혼자,2017-03-23,135,55668,11,한국,"(주)영화제작전원사,(주)콘텐츠판다",청소년관람불가,드라마,홍상수,"김민희,정재영,서영화,권해효,송선미,문성근,안재홍,박예주",2017-05-01,40,월요일,0
백설공주사라진아빠를찾아서,2016-09-29,54,54998,2,중국,예지림엔터테인먼트,전체관람가,"애니메이션,가족",벤차오,"이제인,사문영,박상훈",2016-11-06,39,일요일,1
버드맨,2015-03-05,116,204529,14,미국,이십세기폭스코리아(주),청소년관람불가,"코미디,드라마",알레한드로곤잘레스이냐리투,"마이클키튼,에드워드노튼,엠마스톤,나오미왓츠",2015-04-13,40,월요일,0
번개맨,2016-02-11,7,69115,2,한국,씨네그루(주)키다리이엔티,전체관람가,"판타지,가족",조근현,"정현진,루나",2016-03-21,40,월요일,0
베이블레이드버스트갓갓발키리의탄생,2017-06-01,3,109356,1,일본,씨제이이앤엠(주),전체관람가,애니메이션,야마구치켄타로,"김현지,한신,김보영,이호산,김영은",2017-07-10,40,월요일,0
베테랑,2015-08-05,140466,12497379,658,한국,씨제이이앤엠(주),15세이상관람가,"액션,드라마",류승완,"황정민,유아인,유해진,오달수,장윤주,김시후,오대환,정웅인,정만식,송영창,진경,유인영,박소담,이동휘,배성우,천호진,이채은,조덕현,신지수,김성종,권지훈,정윤헌,장한승,김선웅,김성종,우영택,김민재,김재현,김태용,김지수,박지윤,박지혜,손성민,장소연,유재명,배제기,류선영,정재헌,안길강,마동석,김응수",2015-09-13,40,일요일,1
벤허,2016-09-14,69,1397826,3,미국,롯데쇼핑㈜롯데엔터테인먼트,12세이상관람가,"어드벤처,드라마",티무르베크맘베토브,"잭휴스턴,토비켑벨,모건프리먼,로드리고산토로,할룩빌기너,요한필리프아스베크,모이세스아리아스,아예렛주러,소피아블랙디엘리아,제임스코스모,다토바크하제,자레스J.메즈",2016-10-23,40,일요일,1
보스베이비,2017-05-03,9872,2432721,166,미국,씨제이이앤엠(주),전체관람가,"애니메이션,코미디,가족",톰맥그라스,"알렉볼드윈,리사쿠드로,스티브부세미,토비맥과이어,지미키멜",2017-06-11,40,일요일,1
보안관,2017-05-03,26,2583974,4,한국,롯데쇼핑㈜롯데엔터테인먼트,15세이상관람가,"범죄,코미디",김형주,"이성민,조진웅,김성균,김종수,조우진,임현성,배정남",2017-06-11,40,일요일,1
보이후드,2014-10-23,146,181288,6,미국,유니버설픽쳐스인터내셔널코리아(유),15세이상관람가,드라마,리차드링클레이터,"엘라콜트레인,에단호크,패트리시아아퀘트,로렐라이링클레이터",2014-12-01,40,월요일,0
본투비블루,2016-06-09,228,89704,8,캐나다,그린나래미디어(주),청소년관람불가,드라마,로버트뷔드로,"에단호크,카르멘에조고",2016-07-18,40,월요일,0
봉이김선달,2016-07-06,250,2049396,5,한국,씨제이이앤엠(주),12세이상관람가,사극,박대민,"유승호,조재현,고창석,라미란,시우민,연우진,전석호,서예지,주영호,박예슬,박상현,박진성,유일한,이선희",2016-08-14,40,일요일,1
부산행,2016-07-20,40508,11423669,393,한국,(주)넥스트엔터테인먼트월드(NEW),15세이상관람가,"액션,스릴러",연상호,"공유,김정희,정유미,김율호,마동석,최우식,안소희,김의성,김수안,박민우,박민혁,임종훈,박종관,장문성,박혜진,손지훈,손지훈,연상호,조춘호,지동현,윤미중,이동하,이윤상,최창수,편준의,허성우,황유경",2016-08-28,40,일요일,1
부활,2016-03-17,493,172909,54,미국,유니버설픽쳐스인터내셔널코리아(유),12세이상관람가,드라마,케빈레이놀즈,"조셉파인즈,톰펠튼",2016-04-25,40,월요일,0
분노의질주더세븐,2015-04-01,3948,3239996,42,미국,유니버설픽쳐스인터내셔널코리아(유),15세이상관람가,"액션,범죄,스릴러",제임스완,"빈디젤,폴워커,드웨인존슨,제이슨스타뎀",2015-05-10,40,일요일,1
분노의질주더익스트림,2017-04-12,95,3651937,6,미국,유니버설픽쳐스인터내셔널코리아(유),15세이상관람가,"액션,범죄,스릴러",F.게리그레이,"빈디젤,드웨인존슨,샤를리즈테론,제이슨스타뎀,스콧이스트우드,커트러셀,미셸로드리게즈,엘자패터키,에바멘데스,헬렌미렌,조다나브루스터,루카스블랙,타이레스깁슨,루다크리스",2017-05-21,40,일요일,1
불한당나쁜놈들의세상,2017-05-17,369,928893,4,한국,씨제이이앤엠(주),청소년관람불가,"범죄,액션,드라마",변성현,"설경구,임시완,김희원,전혜진,이경영,김성오,허준호",2017-06-25,40,일요일,1
뷰티인사이드,2015-08-20,730,2050226,15,한국,(주)넥스트엔터테인먼트월드(NEW),12세이상관람가,"판타지,멜로/로맨스",백,"오상철,한효주,김대명,도지한,배성우,박신혜,이범수,박서준,김상호,천우희,우에노주리,이재준,김민재,이현우,조달환,이진욱,홍다미,서강준,김희원,이동욱,고아성,김주혁,유연석,이동휘,문숙,이경영,유재상,임예진,정두원,박지현,정은교,조유덕,차수보,차정환,이미도,손영진,신예진,유보라,윤여진,이미애,홍승철,이성준,이소연,이슬기,이승대,신동미,이진성,김시은",2015-09-28,40,월요일,1
브루클린,2016-04-21,120,50849,4,미국,이십세기폭스코리아(주),12세이상관람가,"드라마,멜로/로맨스",존크로울리,"시얼샤로넌,도널글리슨",2016-05-30,40,월요일,0
브리짓존스의베이비,2016-09-28,389,819814,26,미국,유니버설픽쳐스인터내셔널코리아(유),15세이상관람가,"코미디,멜로/로맨스",샤론맥과이어,"르네젤위거,콜린퍼스,패트릭뎀시",2016-11-06,40,일요일,1
비긴어게인,2014-08-13,124955,2437713,494,미국,판씨네마(주),15세이상관람가,멜로/로맨스,존카니,"키이라나이틀리,마크러팔로,애덤리바인,헤일리스테인펠드,제임스코든,캐서린키너",2014-09-21,40,일요일,1
비밀은없다,2016-06-23,6,250285,1,한국,씨제이이앤엠(주),청소년관람불가,스릴러,이경미,"손예진,김주혁,장재우,장한승,신지훈,이민아,이상희",2016-08-01,40,월요일,0
빅쇼트,2016-01-21,37,444986,1,미국,롯데쇼핑㈜롯데엔터테인먼트,청소년관람불가,드라마,아담맥케이,"크리스찬베일,스티브카렐,라이언고슬링,브래드피트",2016-02-29,40,월요일,0
빅아이즈,2015-01-28,9,85144,2,미국,판씨네마(주),12세이상관람가,드라마,팀버튼,"에이미아담스,크리스토프왈츠",2015-03-08,40,일요일,1
빅히어로,2015-01-21,15034,2780940,219,미국,월트디즈니컴퍼니코리아(주),전체관람가,"애니메이션,액션,코미디","돈홀,크리스윌리암스","라이언포터,스콧애짓,다니엘헤니,제이미정,T.J.밀러,제네시스로드리게스,데이몬웨이언스주니어,마야루돌프,제임스크롬웰,알란터딕",2015-03-01,40,일요일,1
뽀로로극장판컴퓨터왕국대모험,2015-12-10,117,441721,11,한국,(주)넥스트엔터테인먼트월드(NEW),전체관람가,애니메이션,박영균,"이선,이미자,함수정,홍소영,정미숙,김서영,김환진,엄상현,홍범기",2016-01-18,40,월요일,0
사냥,2016-06-29,2,645922,1,한국,롯데쇼핑㈜롯데엔터테인먼트,15세이상관람가,액션,이우철,"안성기,조진웅,한예리,권율,손현주,박병은",2016-08-03,36,수요일,0
사도,2015-09-16,6389,6229050,115,한국,(주)쇼박스,12세이상관람가,사극,이준익,"송강호,유아인,문근영,전혜진,김해숙,박원상,진지희,박소담,서예지,이효제,곽동호,최희영,정호,이현철,김상훈,이민혜,김경원,김대환,김민규,양지혜,안현숙,김우진,이대연,최덕문,정석용,최민철,안정우,안태훈,조승연",2015-10-25,40,일요일,1
사랑에대한모든것,2014-12-10,70,275455,1,미국,유니버설픽쳐스인터내셔널코리아(유),12세이상관람가,멜로/로맨스,제임스마쉬,"에디레드메인,펠리시티존스",2015-01-18,40,일요일,1
사랑하기때문에,2017-01-04,32,340830,4,한국,(주)넥스트엔터테인먼트월드(NEW),12세이상관람가,"코미디,멜로/로맨스",주지홍,"차태현,김유정,서현진,박근형,선우용녀,성동일,배성우,임주환,김윤혜,오나라,김사희,장도윤,김강훈",2017-02-07,35,화요일,0
사일런스,2017-02-28,308,93435,9,미국,씨네그루(주)키다리이엔티,15세이상관람가,드라마,마틴스콜세지,"앤드류가필드,리암니슨,아담드라이버,시아란힌즈,아사노타다노부,코마츠나나,츠카모토신야,카세료,사부,오가타이세이",2017-04-08,40,토요일,1
살인의뢰,2015-03-12,280,855360,5,한국,씨네그루(주)다우기술,청소년관람불가,"범죄,스릴러",손용호,"김상경,김성균,박성웅,윤승아,조재윤,김의성,기주봉,홍성덕,오대환,이정훈,이진수,박소희,박일우,박혜미,송영창,태욱,김덕순,이다희,이상인,이용출,임종윤",2015-04-20,40,월요일,0
샌안드레아스,2015-06-03,53,1716228,1,미국,워너브러더스코리아(주),12세이상관람가,"액션,드라마,스릴러",브래드페이튼,"드웨인존슨,알렉산드리아다다리오",2015-07-12,40,일요일,1
서부전선,2015-09-24,183,608359,1,한국,롯데쇼핑㈜롯데엔터테인먼트,12세이상관람가,"전쟁,드라마",천성일,"설경구,여진구,이경영,정성화,정인기,김원해,김태훈,정석원,한민수,조상원,이찬유,김선영,이은형,이소명,유순철,김동규,오성택,김명환,김민지,김종석,김지영,김태훈,박시연,박아형,박지연,박지원,최호중,김시은,조희봉",2015-10-30,37,금요일,0
"서서평,천천히평온하게",2017-04-26,971,102162,12,한국,커넥트픽쳐스(주),전체관람가,다큐멘터리,"홍주연,홍현정","하정우,윤안나,안은새",2017-06-04,40,일요일,1
서울역,2016-08-17,4,146987,2,한국,(주)넥스트엔터테인먼트월드(NEW),15세이상관람가,애니메이션,연상호,"류승룡,심은경,이준,연상호,연상호,연상호,연상호,오윤석,이건우,이동하,이상희,이상희,최길수",2016-09-21,36,수요일,0
선오브갓,2014-04-10,32,328583,4,미국,(주)프레인글로벌,12세이상관람가,드라마,크리스토퍼스펜서,"디오고모르가도,세바스찬냅,다윈쇼",2014-05-19,40,월요일,0
설리허드슨강의기적,2016-09-28,52,624371,3,미국,워너브러더스코리아(주),12세이상관람가,드라마,클린트이스트우드,"톰행크스,아론에크하트,로라린니",2016-11-06,40,일요일,1
성난변호사,2015-10-08,182,1127929,11,한국,씨제이이앤엠(주),15세이상관람가,"범죄,액션",허종호,"오상철,이선균,김고은,임원희,장현성,최재웅,김윤혜,홍성덕,배유람,권귀덕,조경섭,조경섭,정진근,장명진,이확광,이형섭,이은택,이수민,이기창,유영진,김현정,노영화,송원종,박지영",2015-11-16,40,월요일,0
세상에서고양이가사라진다면,2016-11-09,34,70424,1,일본,(주)크리픽쳐스,12세이상관람가,드라마,나가이아키라,"사토타케루,미야자키아오이,오쿠다에이지,하라다미에코",2016-12-14,36,수요일,0
셜록유령신부,2016-01-02,5,1278871,1,영국,메가박스(주)플러스엠,12세이상관람가,"범죄,드라마",더글라스맥키넌,"베네딕트컴버배치,마틴프리먼",2016-02-10,40,수요일,1
소셜포비아,2015-03-12,4,249087,2,한국,CGV아트하우스,15세이상관람가,"스릴러,드라마",홍석재,"변요한,이주승,하윤경,이강욱,류준열,배유람,임지호,엄기성,하상명,전신환,김종수,남문철",2015-04-20,40,월요일,0
소수의견,2015-06-24,58,382787,3,한국,(주)시네마서비스,15세이상관람가,드라마,김성제,"윤계상,유해진,김옥빈,이경영,장광,권해효,손아람,박주형,이은미,이은우,김의성,조복래,김종수,박충선",2015-08-01,39,토요일,1
숀더쉽,2015-08-13,4,91586,1,영국,(주)박수엔터테인먼트,전체관람가,"애니메이션,어드벤처,코미디","마크버튼,리처드스타잭",NA,2015-09-21,40,월요일,0
수상한그녀,2014-01-22,91250,8208669,388,한국,씨제이이앤엠(주),15세이상관람가,드라마,황동혁,"심은경,나문희,박인환,성동일,이진욱,김현숙,황정민,김슬기,박형우,신재훈,박인환,이태식,박재홍,서진호,양태규,정상원,정은임,정종혁,조명행,진영,한상경,한흥석,김경아,이주희,김동욱,김동희,김민준,김선하,김순찬,김영웅,김용진,김재섭,김정원,박선희,한지은,김수현,황영희,장광,전우재",2014-03-02,40,일요일,1
수어사이드스쿼드,2016-08-03,0,1898121,1,미국,워너브러더스코리아(주),15세이상관람가,액션,데이비드에이어,"윌스미스,자레드레토,마고로비,스콧이스트우드,카라델러비인,제이코트니,조엘킨나만,비올라데이비스,제이헤르난데즈,애덤비치,카렌후쿠하라,커먼,벤애플렉",2016-09-08,37,목요일,0
순수의시대,2015-03-05,5,469891,1,한국,씨제이이앤엠(주),청소년관람불가,"사극,드라마",안상훈,"신하균,장혁,강한나,강하늘,박혜준,정현국,권승구,서지오,권지훈,천준호,최아람,양영조,김경애,오하늬,윤민규,이광기,김민수,이상민,이수민,손병호,박갑진,최무성,기주봉,이재용,문영동,조희봉",2015-04-08,35,수요일,0
순종,2016-11-17,1376,54005,12,한국,"(재)CBS,(주)영화사안다미로",전체관람가,다큐멘터리,"김동민,이주훈","최강희,최수종,김은혜,김영화",2016-12-26,40,월요일,0
슈퍼빼꼼스파이대작전,2017-05-03,4,98917,1,한국,메가박스(주)플러스엠,전체관람가,"애니메이션,코미디",임아론,"김태균,최정현,최낙윤,남도형,윤용식,김성연,박상호,장현주",2017-06-11,40,일요일,1
스누피더피너츠무비,2015-12-24,46,196936,3,미국,이십세기폭스코리아(주),전체관람가,"애니메이션,어드벤처,코미디",스티브마티노,NA,2016-02-01,40,월요일,0
스머프비밀의숲,2017-04-28,80,426350,2,미국,소니픽쳐스엔터테인먼트코리아주식회사극장배급지점,전체관람가,"애니메이션,가족",캘리애스버리,"데미로바토,레인윌슨,조맨가니엘로,잭맥브레이어,맨디파틴킨",2017-06-06,40,화요일,1
스물,2015-03-25,487,3041047,12,한국,(주)넥스트엔터테인먼트월드(NEW),15세이상관람가,"코미디,드라마",이병헌,"김우빈,이준호,강하늘,정덕희,주창욱,권지훈,오하늬,오현경,이성두,정소민,안재홍,이유비,김의성,김종수,민지,황미영",2015-05-03,40,일요일,1
스타워즈깨어난포스,2015-12-17,395,3271478,16,미국,월트디즈니컴퍼니코리아(주),12세이상관람가,"액션,어드벤처,판타지",J.J.에이브럼스,"해리슨포드,마크해밀,캐리피셔,사이몬페그,오스카아이삭,막스본시도우,도널글리슨",2016-01-25,40,월요일,0
스타트렉비욘드,2016-08-17,248,1148770,3,미국,롯데쇼핑㈜롯데엔터테인먼트,12세이상관람가,"액션,SF",저스틴린,"크리스파인,사이몬페그,조샐다나,재커리퀸토,칼어번,안톤옐친,존조,이드리스엘바,소피아부텔라",2016-09-25,40,일요일,1
스텝업올인,2014-09-03,51,563818,2,미국,(주)나이너스엔터테인먼트,12세이상관람가,"드라마,멜로/로맨스",트리시시에,"라이언구즈만,브리아나에비건,애덤G.세바니,알리슨스토너",2014-10-07,35,화요일,0
스티브잡스,2016-01-21,33,68614,1,미국,유니버설픽쳐스인터내셔널코리아(유),12세이상관람가,드라마,대니보일,"마이클패스벤더,케이트윈슬렛,세스로건",2016-02-29,40,월요일,0
스틸앨리스,2015-04-29,342,111611,25,미국,그린나래미디어(주),12세이상관람가,드라마,"리처드글랫저,워시웨스트모어랜드","줄리안무어,알렉볼드윈,크리스틴스튜어트,케이트보스워스",2015-06-07,40,일요일,1
스파이,2015-05-21,317,2317056,7,미국,이십세기폭스코리아(주),15세이상관람가,"액션,코미디",폴페이그,"주드로,제이슨스타뎀,멜리사맥카시",2015-06-29,40,월요일,0
스파이더맨홈커밍,2017-07-05,824,7255302,19,미국,소니픽쳐스엔터테인먼트코리아주식회사극장배급지점,12세이상관람가,"액션,어드벤처,SF",존와츠,"톰홀랜드,로버트다우니주니어,마이클키튼,마리사토메이,젠다야콜맨,존파브로,마틴스타,로건마샬-그린,가르셀라보베,스탠리,보킴우드바인,케네스최,토니레볼로리,타인달리",2017-08-13,40,일요일,1
스파이브릿지,2015-11-05,22,264809,1,미국,이십세기폭스코리아(주),12세이상관람가,"스릴러,드라마",스티븐스필버그,"톰행크스,마크라이런스,오스틴스토웰",2015-12-14,40,월요일,0
스포트라이트,2016-02-24,268,296088,16,미국,(주)팝엔터테인먼트,15세이상관람가,"드라마,스릴러",토마스맥카시,"마이클키튼,마크러팔로,레이첼맥아담스",2016-04-03,40,일요일,1
스폰지밥3D,2015-02-18,254,324735,8,미국,씨제이이앤엠(주),전체관람가,"애니메이션,어드벤처,코미디",폴티비트,"안토니오반데라스,클랜시브라운,톰케니,전태열,이인성,최한",2015-03-29,40,일요일,1
스플릿,2016-11-09,35,758195,1,한국,오퍼스픽쳐스,15세이상관람가,드라마,최국희,"유지태,이정현,이다윗,정성화,김지은,김태훈,신민수,윤수현,이정주,이지수,조선묵,조수정,최승",2016-12-17,39,토요일,1
슬로우비디오,2014-10-02,19,1169562,3,한국,이십세기폭스코리아(주),12세이상관람가,"드라마,코미디",김영탁,"차태현,남상미,오달수,고창석,진경,유영,김강현,최성원,이준혁,이용감,이윤수,정다이,정지연,현창조,김상철,김용구,류혜영,조덕제,안길강",2014-11-05,35,수요일,0
시간이탈자,2016-04-13,116,1202320,13,한국,씨제이이앤엠(주),15세이상관람가,스릴러,곽재용,"임수정,조정석,이진욱,정진영,이기우,온주완,전신환,이민호,김보라,임예진,정웅인,박준규,남태부,차은재,박지원,박소영,백준혁,조민영,신지수,이동희,이성준,이영민,김수영",2016-05-18,36,수요일,0
시카리오암살자의도시,2015-12-03,292,148469,11,미국,롯데쇼핑㈜롯데엔터테인먼트,청소년관람불가,"범죄,미스터리,스릴러",드니빌뇌브,"에밀리블런트,베니치오델토로,조슈브롤린",2016-01-11,40,월요일,0
신데렐라,2015-03-19,3,716226,2,미국,월트디즈니컴퍼니코리아(주),전체관람가,멜로/로맨스,케네스브래너,"릴리제임스,리처드매든,케이트블란쳇,헬레나본햄카터,홀리데이그레인저,소피맥쉐라",2015-04-27,40,월요일,0
신비한동물사전,2016-11-16,6058,4652626,58,미국,워너브러더스코리아(주),12세이상관람가,"어드벤처,가족,판타지",데이빗예이츠,"에디레드메인,콜린파렐,캐서린워터스턴,앨리슨수돌,댄포글러,사만다모튼,젠머레이",2016-12-25,40,일요일,1
신의한수,2014-07-03,91,3566193,4,한국,(주)쇼박스,청소년관람불가,"범죄,액션",조범구,"정우성,안성기,이범수,김인권,이시영,안길강,최진혁,홍성덕,정윤선,강다혜,박지훈,백동현,서병덕,고용석,윤정희,이다혜,최두엽,최시은,최제헌,이명희,권태원,이은지,이정호,이주희,김선웅,김주형,김태진,박갑진,유재상,김홍파,유순철,김명수,안서현,이용녀,최일화",2014-08-11,40,월요일,0
신이보낸사람,2014-02-13,498,419154,21,한국,"(주)씨타마운틴픽쳐스,(주)마인스엔터테인먼트",15세이상관람가,드라마,김진무,"김인권,홍경인,최규환,기주봉,안병경,조덕제,김재화,박정희,임준규,정동철,정유동,정현기,권혁주,황규연,이정수,이정민,김상준,김은혜,최규환,안병경,오산하",2014-03-24,40,월요일,0
심야식당,2015-06-18,44,130870,4,일본,(주)영화사진진,12세이상관람가,드라마,마츠오카조지,"코바야시카오루,오다기리조,타카오카사키",2015-07-27,40,월요일,0
싱스트리트,2016-05-19,634,553041,24,아일랜드,(주)이수C&E,15세이상관람가,"드라마,멜로/로맨스",존카니,"퍼디아월시-필로,루시보인턴,잭레이너",2016-06-27,40,월요일,0
쎄시봉,2015-02-05,116,1712543,3,한국,씨제이이앤엠(주),15세이상관람가,"멜로/로맨스,코미디,드라마",김현석,"김윤석,정우,한효주,김희애,진구,장현성,강하늘,조복래,김인권,장미진,강명찬,정수교,조성관,천준호,최남주,최성택,최성택,최충열,송민석,박소담,오하늬,윤준호,이미소,김승찬,이병훈,이상희,이승현,안재홍,이대연,이동훈,권해효",2015-03-16,40,월요일,0
씽,2016-12-21,98,1730125,3,미국,유니버설픽쳐스인터내셔널코리아(유),전체관람가,"애니메이션,뮤지컬",가스제닝스,"매튜매커너히,리즈위더스푼,스칼렛요한슨,태런에저튼,세스맥팔레인",2017-01-29,40,일요일,1
아가씨,2016-06-01,4483,4265044,117,한국,씨제이이앤엠(주),청소년관람불가,"스릴러,드라마",박찬욱,"김민희,김태리,하정우,조진웅,김해숙,문소리,최병모,김인우,이용녀,조은형,장한순,이규정,이승준,이윤재",2016-07-10,40,일요일,1
아기배달부스토크,2016-12-07,2,323201,1,미국,워너브러더스코리아(주),전체관람가,애니메이션,"니콜라스스톨러,더그스윗랜드","앤디샘버그,켈시그래머,제니퍼애니스턴,티버렐",2017-01-15,40,일요일,1
아메리칸셰프,2015-01-07,2689,144469,61,미국,(주)영화사진진,15세이상관람가,코미디,존파브로,"존파브로,엠제이안소니,소피아베르가라,스칼렛요한슨,더스틴호프만,로버트다우니주니어,존레귀자모",2015-02-15,40,일요일,1
아메리칸스나이퍼,2015-01-14,842,344472,15,미국,워너브러더스코리아(주),청소년관람불가,액션,클린트이스트우드,"브래들리쿠퍼,시에나밀러",2015-02-22,40,일요일,1
아메리칸허슬,2014-02-20,30,155374,1,미국,(주)누리픽쳐스,청소년관람불가,"범죄,드라마",데이빗O.러셀,"크리스찬베일,돈올리비에리,에이미아담스,브래들리쿠퍼,제니퍼로렌스,제레미레너,루이스C.K.,알렉산드로니볼라",2014-03-26,35,수요일,0
아빠를빌려드립니다,2014-11-20,116,171014,1,한국,"메가박스(주)플러스엠,(주)레드로버",12세이상관람가,"코미디,가족,드라마",김덕수,"김상경,문정희,채정안,이동규,이정희,장원재,정찬우,최민석,김유민,김장원,조재윤,남보라",2014-12-29,40,월요일,0
아수라,2016-09-28,100,2593309,4,한국,씨제이이앤엠(주),청소년관람불가,"범죄,액션",김성수,"정우성,황정민,주지훈,곽도원,정만식,김원해,김종수,김해곤,윤지혜,오연아,윤제문,이종성,장근영,박지환,손영진,양영일,유정호,윤성민,이가경,이광기,이상민,채성원,김남조,노남석,박갑진",2016-11-06,40,일요일,1
아이스에이지지구대충돌,2016-07-20,25,553492,1,미국,이십세기폭스코리아(주),전체관람가,"애니메이션,어드벤처,코미디",마이크트메이어,"존레귀자모,레이로마노,제니퍼로페즈,아담드바인,제시타일러퍼거슨,사이몬페그,멜리사로치",2016-08-28,40,일요일,1
악녀,2017-06-08,341,1207460,36,한국,(주)넥스트엔터테인먼트월드(NEW),청소년관람불가,액션,정병길,"김옥빈,신하균,성준,김서형,조은지,이승주,정해균,박철민,손민지,민예지,김연우,주문수",2017-07-17,40,월요일,0
악의연대기,2015-05-14,91,2191871,2,한국,씨제이이앤엠(주),15세이상관람가,스릴러,백운학,"손현주,마동석,최다니엘,박서준,이준혁,이태호,이현우,강민정,조은수,서정우,최동헌,안용우,이명준,이성재,이용희,이은정,김태강,정원중,지대한,장준녕,정준원",2015-06-22,40,월요일,0
"안녕,헤이즐",2014-08-13,129,748837,3,미국,이십세기폭스코리아(주),12세이상관람가,"드라마,멜로/로맨스",조쉬분,"쉐일린우들리,안셀엘고트,냇울프,윌렘데포",2014-09-21,40,일요일,1
암살,2015-07-22,135266,12193079,506,한국,(주)쇼박스,15세이상관람가,"액션,드라마",최동훈,"전지현,이정재,하정우,오달수,조진웅,이경영,최덕문,김의성,박병은,김홍파,강용빈,홍성지,지동주,장현석,장용현,김민지,김승찬,안태랑,김예은,김정석,김정호,김준우,김지원,박상민,박정환,조승우,김해숙,진경,박소은,김인우,심희섭",2015-08-30,40,일요일,1
애나벨,2014-10-02,11,926027,1,미국,워너브러더스코리아(주),15세이상관람가,공포(호러),존R.레오네티,"애나벨월리스,워드호튼,알프레우다드,에릭라딘,토니아멘돌라",2014-11-09,39,일요일,1
앤트맨,2015-09-03,919,2841399,66,미국,월트디즈니컴퍼니코리아(주),12세이상관람가,"액션,SF",페이튼리드,"폴러드,마이클더글라스,에반젤린릴리,코리스톨",2015-10-07,35,수요일,0
앵그리버드더무비,2016-05-19,144,677962,7,미국,유니버설픽쳐스인터내셔널코리아(유),전체관람가,애니메이션,"퍼갈레일리,클레이케이티스",NA,2016-06-27,40,월요일,0
어린왕자,2015-12-23,114,578695,5,프랑스,씨네그루(주)다우기술,전체관람가,"애니메이션,판타지,어드벤처",마크오스본,"제프브리지스,레이첼맥아담스,맥켄지포이,마리옹꼬띠아르,제임스프랭코,베니치오델토로,알버트브룩스,리키제바이스,폴지아마티,버드코트,릴리오스본",2016-01-31,40,일요일,1
어메이징스파이더맨2,2014-04-23,75,4168080,2,미국,소니픽쳐스릴리징월트디즈니스튜디오스코리아(주),12세이상관람가,"액션,판타지",마크웹,"앤드류가필드,엠마스톤,제이미폭스,데인드한",2014-06-01,40,일요일,1
어벤져스에이지오브울트론,2015-04-23,4592,10473813,190,미국,월트디즈니컴퍼니코리아(주),12세이상관람가,"액션,어드벤처,판타지,SF",조스웨던,"로버트다우니주니어,크리스헴스워스,마크러팔로,크리스에반스,스칼렛요한슨,제레미레너,돈치들,애런존슨,엘리자베스올슨,폴베타니,코비스멀더스,제임스스페이더,사무엘L.잭슨,수현",2015-06-01,40,월요일,0
언브로큰,2015-01-07,59,256801,1,미국,유니버설픽쳐스인터내셔널코리아(유),15세이상관람가,"액션,드라마,전쟁",안젤리나졸리,"잭오코넬,도널글리슨,가렛헤드룬드,핀위트록",2015-02-10,35,화요일,0
언프렌디드친구삭제,2015-05-07,51,219588,1,미국,유니버설픽쳐스인터내셔널코리아(유),15세이상관람가,"공포(호러),스릴러",레오가브리아제,"샐리헤닝,모세제이콥스톰,윌펠츠,헤더소서맨",2015-06-15,40,월요일,0
얼라이드,2017-01-11,69,520251,2,미국,롯데쇼핑㈜롯데엔터테인먼트,15세이상관람가,"스릴러,드라마,멜로/로맨스",로버트저메키스,"브래드피트,마리옹꼬띠아르,리지캐플란,매튜구드,자레드해리스",2017-02-19,40,일요일,1
에이리언커버넌트,2017-05-09,25,1304961,1,미국,이십세기폭스코리아(주),15세이상관람가,"SF,스릴러",리들리스콧,"마이클패스벤더,캐서린워터스턴,제임스프랭코,누미라파스,가이피어스,빌리크루덥,카르멘에조고,대니맥브라이드,주시스몰렛",2017-06-17,40,토요일,1
엑소더스신들과왕들,2014-12-03,35,1511771,2,미국,이십세기폭스코리아(주),12세이상관람가,드라마,리들리스콧,"크리스찬베일,조엘에저튼,시고니위버,벤킹슬리,아론폴",2015-01-11,40,일요일,1
엑스마키나,2015-01-21,54,78049,1,미국,유니버설픽쳐스인터내셔널코리아(유),청소년관람불가,"SF,스릴러",알렉스가랜드,"도널글리슨,알리시아비칸데르,오스카아이삭",2015-02-26,37,목요일,0
엑스맨데이즈오브퓨처패스트,2014-05-22,1055,4311068,29,미국,이십세기폭스코리아(주),12세이상관람가,"액션,판타지,SF,어드벤처",브라이언싱어,"휴잭맨,제임스맥어보이,마이클패스벤더,제니퍼로렌스,할리베리,엘렌페이지",2014-06-30,40,월요일,0
엑스맨아포칼립스,2016-05-25,38,2937991,2,미국,이십세기폭스코리아(주),12세이상관람가,"액션,어드벤처,판타지,SF",브라이언싱어,"제임스맥어보이,마이클패스벤더,제니퍼로렌스,오스카아이삭,니콜라스홀트,로즈번,타이쉐리던,소피터너,올리비아문,루카스틸",2016-07-03,40,일요일,1
엣지오브투모로우,2014-06-04,6790,4678236,82,미국,워너브러더스코리아(주),12세이상관람가,"액션,SF",더그라이만,"톰크루즈,에밀리블런트,빌팩스톤",2014-07-13,40,일요일,1
여교사,2017-01-04,147,118092,8,한국,필라멘트픽쳐스,청소년관람불가,드라마,김태용,"김하늘,유인영,이원근,이기우",2017-02-12,40,일요일,1
역린,2014-04-30,193,3843934,17,한국,롯데쇼핑㈜롯데엔터테인먼트,15세이상관람가,사극,이재규,"현빈,정재영,조정석,한지민,조재현,박성웅,김성령,정은채,강민지,박지혜,석현,정성민,조정민,최용식,이상현,한대룡,이수봉,홍남희,김고운,이승주,이승주,이승훈,이언정,이용출,이용출,이정수,김기수,김나현,김도연,김두루,김현진,송영창,김대명,천보근",2014-06-08,40,일요일,1
연평해전,2015-06-24,3859,6024879,84,한국,(주)넥스트엔터테인먼트월드(NEW),12세이상관람가,드라마,김학순,"김무열,진구,김율호,이현우,이완,이청아,천민희,이한종,박찬희,박혜준,최순조,최승준,최종환,송재호,유형균,박정학,이철민,김강일",2015-08-02,40,일요일,1
오늘의연애,2015-01-14,34,1891940,2,한국,씨제이이앤엠(주),15세이상관람가,"멜로/로맨스,코미디",박진표,"이승기,문채원,이서진,장진우,이경진,이동진,임하룡,이상협,김광규,김부선,가인,임종윤,남능미",2015-02-22,40,일요일,1
오두막,2017-04-20,217,68101,7,미국,판씨네마(주),12세이상관람가,드라마,스튜어트하젤딘,"샘워싱턴,옥타비아스펜서,라다미첼,라이언로빈스,그레이엄그린,데릭해밀턴,에밀리홈즈",2017-05-29,40,월요일,0
오베라는남자,2016-05-25,321,86319,4,스웨덴,"(주)싸이더스,(주)디스테이션",12세이상관람가,드라마,하네스홀름,"롤프라스가드,바하르파르스,필립버그,이다엥볼",2016-07-03,40,일요일,1
오빠생각,2016-01-21,120,1069327,5,한국,(주)넥스트엔터테인먼트월드(NEW),12세이상관람가,"드라마,전쟁",이한,"임시완,고아성,이희준,이준혁,정준원,이레,김영재,임윤경,정대웅,정병두,정세훈,이건하,이성욱,이승빈,이승준,이연화,홍동영,홍솔,강현구,정준용",2016-02-29,40,월요일,0
오즈의마법사돌아온도로시,2015-02-12,15,292960,4,미국,(주)박수엔터테인먼트,전체관람가,"애니메이션,판타지,뮤지컬,어드벤처,가족","윌핀,댄세인트피에르","레아미셸,패트릭스튜어트,휴댄시,댄애크로이드",2015-03-23,40,월요일,0
오피스,2015-09-03,30,441208,3,한국,(주)리틀빅픽쳐스,15세이상관람가,"스릴러,미스터리",홍원찬,"고아성,박성웅,배성우,김의성,류현경,이채은,오대환,박정민,이정환,최철수,안지혜,이성진,이영수,최병모,기주봉",2015-10-07,35,수요일,0
옥자,2017-06-29,381,316933,11,미국,(주)넥스트엔터테인먼트월드(NEW),12세이상관람가,"어드벤처,액션,드라마",봉준호,"틸다스윈튼,제이크질렌할,폴다노,안서현,변희봉,스티븐연,릴리콜린스,셜리헨더슨,다니엘헨셜,데본보스틱,최우식,지안카를로에스포지토,켈리맥도날드,윤제문",2017-08-07,40,월요일,0
와일드,2015-01-22,235,79203,9,미국,이십세기폭스코리아(주),청소년관람불가,드라마,장마크발레,"리즈위더스푼,가비호프만,로라던",2015-03-02,40,월요일,0
우리는형제입니다,2014-10-23,484,970021,3,한국,(주)쇼박스,12세이상관람가,"코미디,드라마",장진,"김성균,조진웅,윤진이,김원,김지경,이효제,김병옥,이철민,김원해,이상수,이한위,이해영,배제기,조복래,차은재",2014-11-30,39,일요일,1
우먼인골드,2015-07-09,184,141560,4,미국,(주)팝엔터테인먼트,12세이상관람가,드라마,사이먼커티스,"헬렌미렌,라이언레놀즈,다니엘브륄",2015-08-17,40,월요일,0
우아한거짓말,2014-03-13,36,1613771,8,한국,CGV아트하우스,12세이상관람가,드라마,이한,"김희애,고아성,김유정,김향기,유아인,강다영,강다정,박지영,박진수,선현철,장세영,오유진,정난희,조민영,조수정,이경원,이경원,이나현,이수경,한재훈,이승준,이은진,이재구,이재은,황은정,김민아,김민정,김영재,김지훈,김해일,김화목,박송해",2014-04-21,40,월요일,0
원더우먼,2017-05-31,101,2160586,2,미국,워너브러더스코리아(주),12세이상관람가,"액션,어드벤처,판타지,SF",팻티젠킨스,"갤가돗,로빈라이트,크리스파인,데이빗듈리스,코니닐슨,엘레나아나야",2017-07-09,40,일요일,1
원라인,2017-03-29,38,434707,4,한국,(주)넥스트엔터테인먼트월드(NEW),15세이상관람가,범죄,양경모,"임시완,진구,박병은,이동휘,김선영,박종환,왕지원,박유환,안세하,조우진,박형수,박건도",2017-05-07,40,일요일,1
위대한소원,2016-04-21,248,308398,1,한국,(주)넥스트엔터테인먼트월드(NEW),15세이상관람가,"코미디,드라마",남대중,"류덕환,김동영,안재홍,전노민,전미선,장원식,양정인,조우진,우지원,유정래,윤도영,이상민,이소정,이소정,이원희,한기업,한민석,황슬빛나,황용",2016-05-25,35,수요일,0
위아영,2015-05-14,41,61065,1,미국,"(주)브리즈픽처스,(주)영화사오원",15세이상관람가,"코미디,드라마",노아바움백,"벤스틸러,나오미왓츠,아만다사이프리드,아담드라이버",2015-06-22,40,월요일,0
위자,2015-04-16,52,73716,1,미국,유니버설픽쳐스인터내셔널코리아(유),15세이상관람가,"미스터리,공포(호러)",스틸즈화이트,"올리비아쿡,더글라스스미스",2015-05-24,39,일요일,1
위플래쉬,2015-03-12,2737,1567464,151,미국,(주)쇼박스,15세이상관람가,드라마,다미엔차젤레,"마일즈텔러,J.K.시몬스",2015-04-20,40,월요일,0
위험한상견례2,2015-04-29,206,472693,1,한국,"롯데쇼핑㈜롯데엔터테인먼트,(주)마인스엔터테인먼트",15세이상관람가,"멜로/로맨스,코미디",김진영,"진세연,홍종현,신정근,임수연,정명호,박진수,박태규,조영란,조용재,오재호,유성진,이동민,이상현,이상협,이석현,차종호,이철민,김선영,신대섭,박은혜",2015-06-06,39,토요일,1
유스,2016-01-07,299,82273,9,이탈리아,그린나래미디어(주),15세이상관람가,드라마,파올로소렌티노,"마이클케인,하비케이틀,레이첼와이즈,폴다노,제인폰다",2016-02-15,40,월요일,0
이미테이션게임,2015-02-17,1144,1722944,25,영국,메가박스(주)플러스엠,15세이상관람가,"드라마,스릴러",모튼틸덤,"베네딕트컴버배치,키이라나이틀리,매튜구드",2015-03-28,40,토요일,1
이웃집에신이산다,2015-12-24,65,96907,7,벨기에,(주)엣나인필름,청소년관람불가,코미디,자코반도마엘,"브누와뽀엘부르드,욜랭드모로,까뜨린느드뇌브",2016-02-01,40,월요일,0
인간중독,2014-05-14,161,1440262,7,한국,(주)넥스트엔터테인먼트월드(NEW),청소년관람불가,"멜로/로맨스,드라마",김대우,"송승헌,임지연,조여정,온주완,유해진,이승준,임경민,양승희,정상철,조남민,이상미,김제현,김대영,김민범,김연지,김영민,김정숙,김정현,김주희,김한준,김현우,전혜진,배성우,정원중,윤다경",2014-06-22,40,일요일,1
인사이드르윈,2014-01-29,343,103503,10,미국,블루미지,15세이상관람가,드라마,"조엘코엔,에단코엔","오스카아이삭,캐리멀리건,저스틴팀버레이크,존굿맨",2014-03-09,40,일요일,1
인사이드아웃,2015-07-09,15864,4798526,266,미국,월트디즈니컴퍼니코리아(주),전체관람가,"애니메이션,코미디",피트닥터,"다이안레인,에이미포엘러,카일맥라클란,민디캘링,빌헤이더",2015-08-17,40,월요일,0
인천상륙작전,2016-07-27,14042,7033357,283,한국,씨제이이앤엠(주),12세이상관람가,"전쟁,드라마",이재한,"김정철,이정재,이범수,리암니슨,진세연,정준호,박철민,김병옥,김선아,김영애,박성웅,추성훈,황석하,이창세,박정원,박현선,션리차드,이유진,한비,김희진",2016-09-04,40,일요일,1
인터스텔라,2014-11-06,37233,9737725,566,미국,워너브러더스코리아(주),12세이상관람가,SF,크리스토퍼놀란,"매튜매커너히,앤해서웨이,마이클케인,제시카차스테인,케이시애플렉",2014-12-15,40,월요일,0
인턴,2015-09-24,18164,3430046,354,미국,워너브러더스코리아(주),12세이상관람가,코미디,낸시마이어스,"앤해서웨이,로버트드니로,르네루소,냇울프,아담드바인,앤드류라넬스",2015-11-02,40,월요일,0
인투더스톰,2014-08-28,87,2078410,10,미국,워너브러더스코리아(주),12세이상관람가,"액션,스릴러",스티븐쿼일,"리차드아미티지,사라웨인콜리스,제레미섬터",2014-10-06,40,월요일,0
인페르노,2016-10-19,60,688891,1,미국,유니버설픽쳐스인터내셔널코리아(유),15세이상관람가,"미스터리,스릴러",론하워드,"톰행크스,펠리시티존스,벤포스터,이르판칸,오마사이,시드바벳크누센,안나울라루",2016-11-27,40,일요일,1
일사각오,2016-03-17,123,77575,20,한국,파이오니아21,12세이상관람가,드라마,"권혁만,고문안","이지형,설지윤,서광재",2016-04-25,40,월요일,0
임금님의사건수첩,2017-04-26,100,1634038,5,한국,씨제이이앤엠(주),12세이상관람가,"코미디,어드벤처,액션",문현성,"이선균,안재홍,김희원,주진모,장영남,경수진,정해인,조영진",2017-06-04,40,일요일,1
자백,2016-10-13,489,132430,17,한국,(주)엣나인필름,15세이상관람가,다큐멘터리,최승호,최승호,2016-11-21,40,월요일,0
장난감이살아있다,2016-09-07,74,142185,4,아르헨티나,"㈜코리아스크린,와이드릴리즈(주)",전체관람가,"애니메이션,어드벤처,가족",후안호세캄파넬라,"니콜라스홀트,아리아나그란데,케이티홈즈,루퍼트그린트",2016-10-16,40,일요일,1
장수상회,2015-04-09,1140,1155296,44,한국,씨제이이앤엠(주),12세이상관람가,"멜로/로맨스,드라마",강제규,"박해빛나,박근형,윤여정,조진웅,한지민,황우슬혜,문가영,찬열,장문규,이준혁,윤소희,백일섭,박소연,이제욱,강석민,박지혜,정해인,최대영,최승훈,송동규,유원준,유원준,윤상훈,윤여정,이강희,임하룡,홍성일,이보영,이상수,이수지,이언정,김재화,남문철",2015-05-18,40,월요일,0
재심,2017-02-15,233,2419534,5,한국,"오퍼스픽쳐스,CGV아트하우스",15세이상관람가,드라마,김태윤,"정우,강하늘,김해숙,이동휘,한재영,이경영",2017-03-23,37,목요일,0
잭리처네버고백,2016-11-30,100,612017,2,미국,롯데쇼핑㈜롯데엔터테인먼트,15세이상관람가,"액션,범죄,드라마",에드워드즈윅,"톰크루즈,코비스멀더스,로버트네퍼,알디스호지,제이슨더글러스,다니카야로쉬,홀트맥칼라니",2017-01-08,40,일요일,1
정글히어로,2014-10-02,10,70823,2,한국,씨제이이앤엠(주),전체관람가,애니메이션,"박태동,마우리시오드라오르타","심규혁,조성목,김현지,양세나,남도형,안장혁,이상헌,김무규",2014-11-10,40,월요일,0
제보자,2014-10-02,216,1752415,7,한국,메가박스(주)플러스엠,12세이상관람가,드라마,임순례,"박해일,유연석,이경영,박원상,류현경,송하윤,김강현,김수안,김중기,이봉규,이승준,박세정,서지원,안수정,양대성,정보현,조남호,최성진,황현태,김경란,김도윤,김유민,김지은,유재명,장문규,김새벽,정훈석,최희진,김원해,장광,김영재,황정민,한기중,이미도,최용민,권해효",2014-11-10,40,월요일,0
제이슨본,2016-07-27,356,2610797,14,미국,유니버설픽쳐스인터내셔널코리아(유),15세이상관람가,"액션,스릴러",폴그린그래스,"맷데이먼,줄리아스타일즈,토미리존스,뱅상카셀,알리시아비칸데르",2016-09-04,40,일요일,1
조선명탐정사라진놉의딸,2015-02-11,57,3871323,5,한국,(주)쇼박스,12세이상관람가,"사극,코미디,어드벤처",김석윤,"김명민,오달수,이연희,강다현,전건익,정명철,박지선,배영민,정혜은,조관우,조명행,최지명,송병철,김나현,이경용,이귀현,이낙준,한대룡,이선도,이성동,이용우,김태환,정원중,남윤나,류광일,류현상,최무성,김원해,우현,황정민",2015-03-22,40,일요일,1
조이,2016-03-10,46,171958,2,미국,이십세기폭스코리아(주),12세이상관람가,"코미디,드라마",데이빗O.러셀,"제니퍼로렌스,브래들리쿠퍼,로버트드니로",2016-04-18,40,월요일,0
조작된도시,2017-02-09,63,2512706,6,한국,씨제이이앤엠(주),15세이상관람가,"범죄,액션",박광현,"지창욱,심은경,안재홍,오정세,김상호,김민교,김기천,이하늬",2017-03-20,40,월요일,0
존윅,2015-01-21,7,116003,2,미국,(주)나이너스엔터테인먼트,청소년관람불가,"액션,스릴러","데이빗레이치,채드스타헬스키","키아누리브스,애드리앤팰리키,윌렘데포",2015-03-01,40,일요일,1
좋아해줘,2016-02-17,65,848148,3,한국,씨제이이앤엠(주),12세이상관람가,"멜로/로맨스,코미디",박현진,"이미연,최지우,김주혁,유아인,강하늘,이솜,하석진,지윤호,한재영,선주아,이춘우,이한승,이현서,장원진,전호성,송창현,이서연,이성진,이승연",2016-03-23,36,수요일,0
주온끝의시작,2014-07-16,3,410644,1,일본,(주)넥스트엔터테인먼트월드(NEW),15세이상관람가,공포(호러),오치아이마사유키,사사키노조미,2014-08-23,39,토요일,1
주토피아,2016-02-17,114241,3177255,608,미국,월트디즈니컴퍼니코리아(주),전체관람가,"애니메이션,액션,어드벤처","바이론하워드,리치무어","지니퍼굿윈,제이슨베이트먼,샤키라",2016-03-27,40,일요일,1
죽여주는여자,2016-10-06,92,116465,6,한국,CGV아트하우스,청소년관람불가,드라마,이재용,"윤여정,전무송,윤계상,박성진,윤효진",2016-11-14,40,월요일,0
쥬라기월드,2015-06-11,7032,5513672,228,미국,유니버설픽쳐스인터내셔널코리아(유),12세이상관람가,"액션,어드벤처,SF",콜린트레보로우,"크리스프랫,주디그리어,브라이스달라스하워드,케이티맥그라스,제이크존슨,빈센트도노프리오",2015-07-20,40,월요일,0
지금은맞고그때는틀리다,2015-09-24,235,76021,14,한국,"(주)영화제작전원사,(주)넥스트엔터테인먼트월드(NEW)",청소년관람불가,드라마,홍상수,"정재영,김민희,윤여정,기주봉,최화정,유준상,서영화,고아성",2015-11-02,40,월요일,0
짱구는못말려극장판정면승부!로봇아빠의역습,2015-04-23,51,150170,1,일본,(주)이수C&E,전체관람가,"애니메이션,코미디,어드벤처",다카하시와타루,NA,2015-05-31,39,일요일,1
찌라시위험한소문,2014-02-20,201,1221214,4,한국,씨제이이앤엠(주),15세이상관람가,"범죄,드라마",김광식,"김강우,고창석,박성웅,이진호,이현민,이현민,박정우,박진수,서병덕,임준혁,장한얼,신현수,정문구,정승아,정자영,유지연,정희중,조아라,윤석진,고태영,이경훈,최선규,이상미,이성재,이정호,이종혁,이준혁,이지은,김도형,김민호,김범준,김진성,문호진,민정기,이채은,정진영,진선규,장광,김의성,배용근",2014-03-26,35,수요일,0
차이나타운,2015-04-29,19,1471875,5,한국,CGV아트하우스,청소년관람불가,"범죄,드라마",한준희,"김혜수,김고은,엄태구,박보검,고경표,오대환,배유람,이혁준,백동현,조경섭,권지훈,김경애,오유진,우종현,유지현,김성종,이상희,이수경,김수안,정석용,이대연,이루리,안재홍,기주봉,조복래,이민지",2015-06-07,40,일요일,1
창문넘어도망친100세노인,2014-06-18,101,239822,3,스웨덴,(주)영화사빅,15세이상관람가,"어드벤처,코미디,드라마",플렉스할그렌,"로버트구스타프슨,이와위클란더,앨런포드",2014-07-27,40,일요일,1
채피,2015-03-12,108,571985,2,미국,유니버설픽쳐스인터내셔널코리아(유),15세이상관람가,"액션,스릴러",닐블롬캠프,"휴잭맨,샬토코플리,시고니위버,데브파텔",2015-04-20,40,월요일,0
천재강아지미스터피바디,2014-04-24,127,382550,2,미국,씨제이이앤엠(주),전체관람가,"애니메이션,어드벤처,가족",롭민코프,"티버렐,맥스찰스,에리얼윈터,레슬리만,스탠리투치,스티븐토보로스키,앨리슨제니",2014-06-02,40,월요일,0
최강전사미니특공대새로운악당의습격,2015-02-05,36,155274,2,한국,에이원엔터테인먼트,전체관람가,애니메이션,이영준,"엄상현,전태열,신용우",2015-03-15,39,일요일,1
최강전사미니특공대영웅의탄생,2016-02-04,4,116347,1,한국,(주)삼지애니메이션,전체관람가,애니메이션,이영준,"엄상현,양정화,전태열",2016-03-14,40,월요일,0
최악의하루,2016-08-25,143,80118,13,한국,CGV아트하우스,15세이상관람가,멜로/로맨스,김종관,"한예리,이와세료,권율,이희준,이승연,강숙",2016-10-03,40,월요일,1
카트,2014-11-13,632,810036,5,한국,(주)리틀빅픽쳐스,12세이상관람가,드라마,부지영,"염정아,문정희,김영애,김강우,이승준,도경수,김민경,김선간,김지은,김지현,김현,이고운,이승준,이주현,이지혜,김수안,지우,길해연,황정민,김희원,박미현",2014-12-22,40,월요일,0
카페소사이어티,2016-09-14,278,124904,8,미국,CGV아트하우스,15세이상관람가,"멜로/로맨스,드라마",우디앨런,"제시아이젠버그,크리스틴스튜어트,스티브카렐,블레이크라이블리",2016-10-23,40,일요일,1
캐롤,2016-02-04,273,312199,13,미국,CGV아트하우스,청소년관람불가,드라마,토드헤인즈,"케이트블란쳇,루니마라,카일챈들러,제이크레이시,사라폴슨",2016-03-14,40,월요일,0
캐리비안의해적죽은자는말이없다,2017-05-24,1146,3047828,28,미국,월트디즈니컴퍼니코리아유한책임회사,12세이상관람가,"액션,어드벤처,판타지,코미디","요아킴뢰닝,에스펜샌버그","조니뎁,카야스코델라리오,올랜도블룸,하비에르바르뎀,브렌튼스웨이츠,제프리러쉬,데이빗웬햄,골시프테파라하니,스티븐그레이엄,케빈맥널리,폴매카트니,마틴클레바,로드니아피프",2017-07-02,40,일요일,1
캡틴아메리카시빌워,2016-04-27,3779,8670579,46,미국,월트디즈니컴퍼니코리아(주),12세이상관람가,"액션,SF,스릴러","안소니루소,조루소","크리스에반스,로버트다우니주니어,스칼렛요한슨,세바스찬스탠,안소니마키,돈치들,제레미레너,톰홀랜드",2016-06-05,40,일요일,1
캡틴아메리카윈터솔져,2014-03-26,6061,3934690,49,미국,소니픽쳐스릴리징월트디즈니스튜디오스코리아(주),15세이상관람가,"액션,어드벤처,SF","조루소,안소니루소","크리스에반스,스칼렛요한슨,사무엘L.잭슨,로버트레드포드",2014-05-04,40,일요일,1
컨저링2,2016-06-09,1371,1925684,65,미국,워너브러더스코리아(주),15세이상관람가,공포(호러),제임스완,"베라파미가,패트릭윌슨,프란카포텐테,프란시스오코너,스털링제린스",2016-07-18,40,월요일,0
컨택트,2017-02-02,125,633247,7,미국,유니버설픽쳐스인터내셔널코리아(유),12세이상관람가,"SF,드라마,스릴러",드니빌뇌브,"에이미아담스,제레미레너,포레스트휘테커",2017-03-13,40,월요일,0
쿵푸팬더3,2016-01-28,36,3983438,9,미국,씨제이이앤엠(주),전체관람가,"애니메이션,액션,어드벤처","여인영,알레산드로칼로니","잭블랙,안젤리나졸리,더스틴호프만,성룡,세스로건,루시리우,데이빗크로스,J.K.시몬스",2016-03-07,40,월요일,0
클로버필드10번지,2016-04-07,30,357673,1,미국,롯데쇼핑㈜롯데엔터테인먼트,15세이상관람가,"미스터리,스릴러",댄트라첸버그,"메리엘리자베스윈스티드,존굿맨,존갤러거주니어",2016-05-16,40,월요일,0
킹스맨시크릿에이전트,2015-02-11,117369,5334076,546,미국,이십세기폭스코리아(주),청소년관람불가,"액션,스릴러",매튜본,"콜린퍼스,태런에저튼,사무엘L.잭슨,마이클케인",2015-03-22,40,일요일,1
킹오브프리즘,2016-08-11,311,55219,9,일본,(주)박수엔터테인먼트,12세이상관람가,"애니메이션,드라마,판타지",히시다마사카즈,NA,2016-09-19,40,월요일,0
킹오브프리즘-프라이드더히어로,2017-06-10,196,56298,15,일본,(주)박수엔터테인먼트,15세이상관람가,애니메이션,히시다마사카즈,NA,2017-07-19,40,수요일,0
타임패러독스,2015-01-07,6,82196,2,호주,(유)조이앤시네마,15세이상관람가,"SF,스릴러","마이클스피어리그,피터스피어이그","에단호크,노아테일러,사라스누크",2015-02-15,40,일요일,1
타잔3D,2014-01-09,24,595762,1,독일,(주)싸이더스,전체관람가,"애니메이션,액션,어드벤처",라인하드클루스,"켈란루츠,스펜서로크",2014-02-16,39,일요일,1
타짜-신의손,2014-09-03,9522,3970495,85,한국,"롯데쇼핑㈜롯데엔터테인먼트,(주)싸이더스",청소년관람불가,드라마,강형철,"최승현,신세경,곽도원,유해진,김윤석,이하늬,김인권,이경영,고수희,오정세,박효주,백승찬,양성우,우민호,윤지환,이승원,이승훈,이영민,이원호,정동근,조연우,한준우,곽수정,홍승철,황현서,김도엽,김원영,김장미,문도선,이준혁,김새벽,배유람,안재홍,이동휘,김원해,최종률",2014-10-12,40,일요일,1
탐정더비기닝,2015-09-24,51,2623266,9,한국,씨제이이앤엠(주),15세이상관람가,"코미디,범죄",김정훈,"권상우,성동일,박해준,이승준,조복래,오정세,박준면,이일화,서영희,강민지,홍서현,천유나,차승연,정종훈,정승연,이현기,이찬희,김승배,김은지,김태훈,김하늘,김희영,모일영,박민철,박성일,박시영,박지혜,최성원,홍은택,이해영,지대한",2015-11-02,40,월요일,0
탐정홍길동사라진마을,2016-05-04,4,1429882,1,한국,씨제이이앤엠(주),15세이상관람가,"드라마,액션",조성희,"이제훈,김성균,박근형,정성화,고아라,노정의,김하나,유승목,박정원,박지훈,오현암,유정래,윤상훈,이민아,이민지,이상희,정준용",2016-06-12,40,일요일,1
태풍이지나가고,2016-07-27,418,87403,9,일본,(주)티캐스트,12세이상관람가,드라마,고레에다히로카즈,"아베히로시,키키키린,마키요코,코바야시사토미",2016-09-04,40,일요일,1
터널,2016-08-10,2497,7117207,111,한국,(주)쇼박스,12세이상관람가,드라마,김성훈,"하정우,배두나,오달수,김종수,임한빈,정민희,송민석,윤성민,이동진,이상희,최춘범,권승구",2016-09-18,40,일요일,1
터닝메카드W블랙미러의부활,2017-01-18,10,428842,1,한국,씨네그루(주)키다리이엔티,전체관람가,애니메이션,홍헌표,"소연,윤아영,신용우,장광,강호철,안영미,윤미나",2017-02-26,40,일요일,1
터미네이터제니시스,2015-07-02,582,3234948,11,미국,롯데쇼핑㈜롯데엔터테인먼트,15세이상관람가,"액션,어드벤처,SF,스릴러",앨런테일러,"아놀드슈왈제네거,제이슨클락,에밀리아클라크,제이코트니,J.K.시몬스,다요오케니이,맷스미스,코트니B.반스,이병헌,아론V.윌리엄슨",2015-08-10,40,월요일,0
테이큰3,2015-01-01,80,2006561,5,미국,이십세기폭스코리아(주),15세이상관람가,"액션,범죄,스릴러",올리비에메가턴,"리암니슨,팜케얀센,매기그레이스,존그리스,포레스트휘테커",2015-02-04,35,수요일,0
트랜센던스,2014-05-14,13,692826,1,미국,롯데쇼핑㈜롯데엔터테인먼트,12세이상관람가,"SF,액션,드라마",월리피스터,"조니뎁,레베카홀,모건프리먼,폴베타니,킬리언머피",2014-06-17,35,화요일,0
트랜스포머사라진시대,2014-06-25,67,5295836,1,미국,씨제이이앤엠(주),12세이상관람가,"액션,SF,어드벤처",마이클베이,"마크월버그,니콜라펠츠,잭레이너,스탠리투치,리빙빙",2014-08-01,38,금요일,0
트랜스포머최후의기사,2017-06-21,273,2614603,1,미국,롯데쇼핑㈜롯데엔터테인먼트,12세이상관람가,"액션,어드벤처,SF",마이클베이,"마크월버그,안소니홉킨스,로라하드독,조쉬더하멜",2017-07-26,36,수요일,0
트럼보,2016-04-07,28,61214,4,미국,"그린나래미디어(주),(주)프레인글로벌",15세이상관람가,드라마,제이로치,"브라이언크랜스톤,다이안레인,헬렌미렌,엘르패닝,루이스C.K.,존굿맨",2016-05-16,40,월요일,0
트롤,2017-02-16,5,675338,1,미국,씨제이이앤엠(주),전체관람가,애니메이션,"마이크미첼,월트도른","안나켄드릭,저스틴팀버레이크,주이디샤넬,크리스토퍼민츠플라세,크리스틴바란스키,제프리탬보,러셀브랜드,쿠널나이어,그웬스테파니,제임스코든,존클리즈,쿠벤자네왈리스,월트도른,이성경,박형식,김하영,엄상현,전숙경,장광,이현,김명준,김도영,신용우",2017-03-27,40,월요일,0
특별시민,2017-04-26,100,1361734,5,한국,(주)쇼박스,15세이상관람가,드라마,박인제,"최민식,곽도원,심은경,문소리,라미란,류혜영,이기홍,진선규,권용덕,이주연",2017-06-04,40,일요일,1
파더앤도터,2015-12-10,8,61027,1,미국,(주)박수엔터테인먼트,15세이상관람가,드라마,가브리엘무치노,"아만다사이프리드,러셀크로우,아론폴",2016-01-18,40,월요일,0
파도가지나간자리,2017-03-08,33,82535,2,미국,CGV아트하우스,15세이상관람가,"드라마,멜로/로맨스",데릭시엔프랜스,"마이클패스벤더,알리시아비칸데르,레이첼와이즈,에밀리바클레이,리온포드",2017-04-16,40,일요일,1
판도라,2016-12-07,3988,4574195,66,한국,(주)넥스트엔터테인먼트월드(NEW),12세이상관람가,"드라마,스릴러",박정우,"김남길,김영애,문정희,정진영,이경영,강신일,김대명,유승목,김주현,김명민,김동우,김선형,김승배,김영준,김재민,김정훈,김태영,김태현,김태훈,박기태,박선희,박준영,이경재,최우성",2017-01-15,40,일요일,1
패션왕,2014-11-06,49,592904,9,한국,(주)넥스트엔터테인먼트월드(NEW),15세이상관람가,"코미디,드라마",오기환,"김다율(김아현),주원,최진리,안재현,박세영,김성오,윤혜빈,이대수,이상훈,이정연,이주영,이주희,이효재,정라엘,최우진,기안84,김나영,김성준,김승주,박상욱,배유람,이일화,이동휘",2014-12-10,35,수요일,0
패신저스,2017-01-04,104,668665,2,미국,유니버설픽쳐스인터내셔널코리아(유),12세이상관람가,"어드벤처,SF",모튼틸덤,"크리스프랫,제니퍼로렌스,마이클쉰,앤디가르시아,로렌스피쉬번",2017-02-12,40,일요일,1
포켓몬더무비XY&Z「볼케니온기계왕국의비밀」,2016-12-22,22,281989,1,일본,(주)이수C&E,전체관람가,"애니메이션,어드벤처,판타지,가족",유야마쿠니히코,NA,2017-01-28,38,토요일,1
포켓몬더무비XY후파광륜의초마신,2015-12-23,59,300466,1,일본,(주)이수C&E,전체관람가,"애니메이션,어드벤처,판타지",유야마쿠니히코,NA,2016-01-31,40,일요일,1
폼페이최후의날,2014-02-20,179,1373873,16,미국,롯데쇼핑㈜롯데엔터테인먼트,15세이상관람가,"액션,어드벤처,드라마",폴W.S.앤더슨,"킷해링턴,에밀리브라우닝,키퍼서덜랜드,캐리앤모스,제시카루카스,자레드해리스,커리그레이엄",2014-03-26,35,수요일,0
표적,2014-04-30,28,2841031,3,한국,씨제이이앤엠(주),15세이상관람가,"액션,드라마",창,"류승룡,유준상,이진욱,김성령,조여정,조은지,진구,강구현,배정현,서동필,임일규,정순태,홍성민,김동준,김대명,김영재,이현욱,장준녕",2014-06-08,40,일요일,1
프란시스하,2014-07-17,120,71417,5,미국,그린나래미디어(주),15세이상관람가,"코미디,멜로/로맨스",노아바움백,"그레타거윅,믹키섬너,그레이스검머,아담드라이버",2014-08-25,40,월요일,0
프랭크,2014-09-25,43,51772,3,영국,(주)영화사진진,15세이상관람가,"코미디,드라마",레니에이브러햄슨,"마이클패스벤더,도널글리슨,매기질렌할,스쿳맥네이리",2014-11-03,40,월요일,0
프리덤,2015-11-19,159,105024,2,미국,(주)씨타마운틴픽쳐스,12세이상관람가,"드라마,가족",피터쿠센스,"쿠바구딩주니어,베르나르드포처,윌리엄새들러",2015-12-28,40,월요일,0
프리즌,2017-03-23,212,2930828,10,한국,(주)쇼박스,청소년관람불가,"범죄,액션",나현,"한석규,김래원,정웅인,조재윤,신성록,곽민호",2017-05-01,40,월요일,0
플로렌스,2016-08-24,5,139586,1,영국,(주)이수C&E,15세이상관람가,드라마,스티븐프리어스,"메릴스트립,휴그랜트",2016-10-02,40,일요일,1
플립,2017-07-13,165,353531,6,미국,(주)팝엔터테인먼트,13세이상관람가,"드라마,멜로/로맨스",롭라이너,"매들린캐롤,캘런맥오리피",2017-08-15,35,화요일,0
픽셀,2015-07-16,3,681945,1,미국,유니버설픽쳐스인터내셔널코리아(유),12세이상관람가,"액션,어드벤처",크리스콜럼버스,"아담샌들러,케빈제임스,미셸모나한,피터딘클리지,애슐리벤슨",2015-08-19,35,수요일,0
하늘을걷는남자,2015-10-28,38,238205,1,미국,유니버설픽쳐스인터내셔널코리아(유),12세이상관람가,드라마,로버트저메키스,"조셉고든레빗,벤킹슬리,샬롯르본",2015-12-06,40,일요일,1
하루,2017-06-15,2,1129602,1,한국,CGV아트하우스,15세이상관람가,스릴러,조선호,"김명민,변요한,유재명,조은형,신혜선",2017-07-24,40,월요일,0
하이큐!!끝과시작,2016-11-16,13,75680,3,일본,(주)팝엔터테인먼트,12세이상관람가,애니메이션,미츠나카스스무,"히노사토시,이리노미유",2016-12-25,40,일요일,1
한공주,2014-04-17,132,223852,19,한국,CGV아트하우스,청소년관람불가,드라마,이수진,"천우희,우혜진,정인선,김소영,강대현,백지원,임동석,장순호,전준영,정한빈,이상헌,이슬,이연주,이은주,이재민,김다현,김용국,지수,김태윤,김현준,민경진,동현배,이영란,유승목",2014-05-26,40,월요일,0
해빙,2017-03-01,70,1204052,5,한국,롯데쇼핑㈜롯데엔터테인먼트,15세이상관람가,스릴러,이수연,"조진웅,신구,김대명,송영창,이청아,윤세아",2017-04-09,40,일요일,1
해어화,2016-04-13,650,484735,3,한국,롯데쇼핑㈜롯데엔터테인먼트,15세이상관람가,"사극,드라마",박흥식,"한효주,유연석,천우희,박성웅,장영남,이한위,류혜영,김수안,차지연,장인섭,박찬미,장희선,박효빈,송동규,송승환,양재준,천영암,이규정,이민준,이서연,이성우,이은주,최혁준",2016-05-20,38,금요일,0
해적바다로간산적,2014-08-06,82392,8362672,451,한국,롯데쇼핑㈜롯데엔터테인먼트,12세이상관람가,어드벤처,이석훈,"김남길,손예진,유해진,이경영,오달수,김태우,박철민,신정근,김원해,조달환,조희봉,정성화,최진리,이이경,강대욱,서왕석,서재현,서진석,서현석,성호제,송용호,심윤보,엄세현,유민경,이동철,장지웅,정경우,차민호,권성영,김경식,김기환,김대현,김재학,김주동,김준아,김한준,도현운,안내상,이대연,전배수,김강일",2014-09-14,40,일요일,1
핵소고지,2017-02-22,33,176854,1,미국,판씨네마(주),15세이상관람가,"드라마,전쟁",멜깁슨,"앤드류가필드,샘워싱턴,휴고위빙",2017-04-02,40,일요일,1
허삼관,2015-01-14,45,955175,1,한국,(주)넥스트엔터테인먼트월드(NEW),12세이상관람가,드라마,하정우,"하정우,하지원,전혜진,장광,주진모,성동일,이경영,김영애,정만식,조진웅,김기천,김성균,윤은혜,황보라,강민지,전현석,정우진,이경원,이민호,이수인,이승준,이승호,김재화,김시은",2015-02-20,38,금요일,1
헤라클레스레전드비긴즈,2014-04-10,10,221340,1,미국,(주)넥스트엔터테인먼트월드(NEW),15세이상관람가,"액션,판타지",레니할린,"스콧앳킨스,켈란루츠",2014-05-14,35,수요일,0
헤이트풀8,2016-01-07,84,119069,3,미국,(주)누리픽쳐스,청소년관람불가,"액션,스릴러,서부극(웨스턴)",쿠엔틴타란티노,"사무엘L.잭슨,커트러셀,제니퍼제이슨리,월튼고긴스,데미안비쉬어,팀로스,마이클매드슨,브루스던,채닝테이텀",2016-02-15,40,월요일,0
헬머니,2015-03-05,9,522863,2,한국,(주)넥스트엔터테인먼트월드(NEW),청소년관람불가,코미디,신한솔,"김수미,정만식,김정태,이태란,홍성덕,박승찬,이형빈,강경탁,임재수,박은영,박지영,박혜진,정진혁,채승훈,선현철,손재영,김달선,유병선,유용욱,윤수진,이강철,이규섭,김홍파,한진원,이성민,이승준,이영은,이영은,이은미,김지훈,김원해,이승천,박준금,정혜선,김영옥,길해연,지대한,조영진,장원영,권병길,박충선",2015-04-13,40,월요일,0
형,2016-11-23,123,2979782,8,한국,씨제이이앤엠(주),12세이상관람가,"코미디,드라마",권수경,"조정석,도경수,박신혜,권지훈,김승아,김진희,이연수",2017-01-01,40,일요일,1
호빗다섯군대전투,2014-12-17,307,2835800,4,미국,워너브러더스코리아(주),12세이상관람가,"어드벤처,판타지",피터잭슨,"마틴프리먼,이안맥켈런,리차드아미티지,케이트블란쳇,올랜도블룸,크리스토퍼리,휴고위빙,에반젤린릴리",2015-01-25,40,일요일,1
혹성탈출반격의서막,2014-07-10,48,4002412,1,미국,이십세기폭스코리아(주),12세이상관람가,"액션,드라마,SF,스릴러",맷리브스,"앤디서키스,게리올드만,제이슨클락",2014-08-18,40,월요일,0
홈,2015-05-21,113,360445,2,미국,씨제이이앤엠(주),전체관람가,"애니메이션,어드벤처,판타지",팀존슨,"짐파슨스,리한나,제니퍼로페즈,스티브마틴",2015-06-28,39,일요일,1
화장,2015-04-09,48,142417,3,한국,(주)리틀빅픽쳐스,청소년관람불가,드라마,임권택,"안성기,김규리,김호정,박혜미,윤종호,이소정,이은경,안석환,연우진,김병춘,주현",2015-05-18,40,월요일,0
황제를위하여,2014-06-11,2,592435,2,한국,유나이티드픽처스(주),청소년관람불가,"액션,범죄",박상준,"장한새,이민기,박성웅,이태임,박재영,박진우,송원종,양영택,윤성민,윤성원,최민정,이민섭,이민영,권혁주,권혁진,김경아,김광민,이정훈,김미영,김우진,김진혁,박민철,유재명,한재영",2014-07-15,35,화요일,0
히든피겨스,2017-03-23,2284,442021,38,미국,이십세기폭스코리아(주),12세이상관람가,드라마,데오도르멜피,"타라지P.헨슨,옥타비아스펜서,케빈코스트너,커스틴던스트,짐파슨스",2017-05-01,40,월요일,0
히말라야,2015-12-16,32612,7651776,431,한국,씨제이이앤엠(주),12세이상관람가,드라마,이석훈,"황정민,정우,조성하,김인권,라미란,김원해,이해영,전배수,정유미,유선,한명환,김재준,박민우,배상민,이춘우,이혜진,최종률",2016-01-24,40,일요일,1
